ID,target
ID_test_0,85.05
ID_test_1,108.37
ID_test_10,59.67
ID_test_100,105.48
ID_test_1000,62.47
ID_test_1001,57.22
ID_test_1002,66.89
ID_test_1003,80.13
ID_test_1004,83.78
ID_test_1005,44.07
ID_test_1006,118.05
ID_test_1007,62.01
ID_test_1008,98.33
ID_test_1009,63.36
ID_test_101,97.14
ID_test_1010,93.35
ID_test_1011,47.66
ID_test_1012,62.04
ID_test_1013,73.02
ID_test_1014,70.75
ID_test_1015,63.17
ID_test_1016,63.17
ID_test_1017,63.16
ID_test_1018,59.94
ID_test_1019,50.85
ID_test_102,67.24
ID_test_1020,54.35
ID_test_1021,78.96
ID_test_1022,53.66
ID_test_1023,102.71
ID_test_1024,71.13
ID_test_1025,42.22
ID_test_1026,95.96
ID_test_1027,42.69
ID_test_1028,67.93
ID_test_1029,42.11
ID_test_103,58.45
ID_test_1030,100.93
ID_test_1031,65.96
ID_test_1032,68.71
ID_test_1033,71.58
ID_test_1034,55.57
ID_test_1035,63.17
ID_test_1036,66.99
ID_test_1037,51.13
ID_test_1038,54.72
ID_test_1039,42.18
ID_test_104,90.49
ID_test_1040,58.25
ID_test_1041,55.38
ID_test_1042,96.46
ID_test_1043,93.98
ID_test_1044,104.21
ID_test_1045,82.26
ID_test_1046,43.64
ID_test_1047,72.08
ID_test_1048,52.88
ID_test_1049,61.53
ID_test_105,60.75
ID_test_1050,63.23
ID_test_1051,59.97
ID_test_1052,52.91
ID_test_1053,63.17
ID_test_1054,79.97
ID_test_1055,64.35
ID_test_1056,63.13
ID_test_1057,45.12
ID_test_1058,60.78
ID_test_1059,62.47
ID_test_106,72.69
ID_test_1060,66.81
ID_test_1061,63.17
ID_test_1062,74.4
ID_test_1063,66.27
ID_test_1064,78.4
ID_test_1065,77.41
ID_test_1066,73.02
ID_test_1067,108.36
ID_test_1068,63.51
ID_test_1069,92.23
ID_test_107,45.12
ID_test_1070,99.31
ID_test_1071,106.11
ID_test_1072,51.13
ID_test_1073,45.12
ID_test_1074,63.99
ID_test_1075,81.34
ID_test_1076,105.39
ID_test_1077,80.25
ID_test_1078,62.04
ID_test_1079,51.13
ID_test_108,64.17
ID_test_1080,99.71
ID_test_1081,63.17
ID_test_1082,82.98
ID_test_1083,96.5
ID_test_1084,60.13
ID_test_1085,93.24
ID_test_1086,121.45
ID_test_1087,55.15
ID_test_1088,51.13
ID_test_1089,52.96
ID_test_109,51.13
ID_test_1090,67.46
ID_test_1091,42.21
ID_test_1092,46.63
ID_test_1093,42.18
ID_test_1094,58.3
ID_test_1095,76.15
ID_test_1096,63.4
ID_test_1097,74.2
ID_test_1098,56.11
ID_test_1099,55.53
ID_test_11,55.24
ID_test_110,58.45
ID_test_1100,59.28
ID_test_1101,51.13
ID_test_1102,45.12
ID_test_1103,42.64
ID_test_1104,51.13
ID_test_1105,63.61
ID_test_1106,59.32
ID_test_1107,98.37
ID_test_1108,69.25
ID_test_1109,45.12
ID_test_111,69.12
ID_test_1110,74.63
ID_test_1111,102.76
ID_test_1112,96.83
ID_test_1113,68.67
ID_test_1114,126.59
ID_test_1115,44.43
ID_test_1116,91.25
ID_test_1117,90.41
ID_test_1118,68.32
ID_test_1119,93.19
ID_test_112,60.54
ID_test_1120,56.17
ID_test_1121,85.2
ID_test_1122,86.2
ID_test_1123,70.3
ID_test_1124,69.23
ID_test_1125,69.8
ID_test_1126,72.66
ID_test_1127,51.13
ID_test_1128,58.45
ID_test_1129,68.92
ID_test_113,67.4
ID_test_1130,64.33
ID_test_1131,47.02
ID_test_1132,62.83
ID_test_1133,45.12
ID_test_1134,63.17
ID_test_1135,65.65
ID_test_1136,57.22
ID_test_1137,63.4
ID_test_1138,58.72
ID_test_1139,105.94
ID_test_114,62.54
ID_test_1140,57.63
ID_test_1141,79.66
ID_test_1142,58.64
ID_test_1143,66.07
ID_test_1144,82.28
ID_test_1145,132.67
ID_test_1146,59.38
ID_test_1147,38.71
ID_test_1148,77.13
ID_test_1149,63.17
ID_test_115,102.56
ID_test_1150,109.09
ID_test_1151,71.72
ID_test_1152,51.13
ID_test_1153,51.13
ID_test_1154,77.24
ID_test_1155,53.43
ID_test_1156,98.74
ID_test_1157,101.34
ID_test_1158,53.77
ID_test_1159,56.62
ID_test_116,101.08
ID_test_1160,106.41
ID_test_1161,39.1
ID_test_1162,63.17
ID_test_1163,62.78
ID_test_1164,88.11
ID_test_1165,138.4
ID_test_1166,53.78
ID_test_1167,57.9
ID_test_1168,51.13
ID_test_1169,74.19
ID_test_117,63.36
ID_test_1170,70.65
ID_test_1171,63.17
ID_test_1172,63.91
ID_test_1173,48.39
ID_test_1174,68.86
ID_test_1175,70.27
ID_test_1176,61.27
ID_test_1177,63.84
ID_test_1178,82.98
ID_test_1179,64.27
ID_test_118,59.67
ID_test_1180,119.94
ID_test_1181,51.13
ID_test_1182,63.45
ID_test_1183,91.71
ID_test_1184,93.48
ID_test_1185,67.24
ID_test_1186,102.85
ID_test_1187,56.19
ID_test_1188,112.74
ID_test_1189,56.94
ID_test_119,65
ID_test_1190,61.46
ID_test_1191,63.17
ID_test_1192,59.49
ID_test_1193,67.58
ID_test_1194,65.44
ID_test_1195,49.94
ID_test_1196,58.45
ID_test_1197,60.21
ID_test_1198,51.13
ID_test_1199,99.79
ID_test_12,46.97
ID_test_120,62.59
ID_test_1200,67.69
ID_test_1201,55.56
ID_test_1202,70.36
ID_test_1203,163.67
ID_test_1204,50.03
ID_test_1205,53.88
ID_test_1206,82.03
ID_test_1207,104.79
ID_test_1208,82.55
ID_test_1209,57.73
ID_test_121,118.4
ID_test_1210,48.98
ID_test_1211,52.22
ID_test_1212,49.32
ID_test_1213,57.91
ID_test_1214,51.13
ID_test_1215,61.52
ID_test_1216,56.23
ID_test_1217,43.18
ID_test_1218,63.17
ID_test_1219,80.9
ID_test_122,104.79
ID_test_1220,52.36
ID_test_1221,62.8
ID_test_1222,71.75
ID_test_1223,110.83
ID_test_1224,51.13
ID_test_1225,63.17
ID_test_1226,70.64
ID_test_1227,107.74
ID_test_1228,104.48
ID_test_1229,105.23
ID_test_123,61.7
ID_test_1230,63.4
ID_test_1231,77.3
ID_test_1232,45.12
ID_test_1233,82.55
ID_test_1234,97.07
ID_test_1235,57.07
ID_test_1236,51.13
ID_test_1237,76.05
ID_test_1238,61.49
ID_test_1239,53.22
ID_test_124,72.7
ID_test_1240,61.72
ID_test_1241,88.11
ID_test_1242,109.48
ID_test_1243,120.55
ID_test_1244,45.21
ID_test_1245,59.97
ID_test_1246,79.97
ID_test_1247,58.68
ID_test_1248,77.55
ID_test_1249,63.17
ID_test_125,75.14
ID_test_1250,81.61
ID_test_1251,80.73
ID_test_1252,80.28
ID_test_1253,68.5
ID_test_1254,104.73
ID_test_1255,100.75
ID_test_1256,64.89
ID_test_1257,51.13
ID_test_1258,61.26
ID_test_1259,73.02
ID_test_126,71.55
ID_test_1260,67.1
ID_test_1261,95.02
ID_test_1262,55.37
ID_test_1263,66.02
ID_test_1264,103.12
ID_test_1265,60.77
ID_test_1266,46.67
ID_test_1267,65.15
ID_test_1268,76.57
ID_test_1269,51.56
ID_test_127,63.17
ID_test_1270,51.13
ID_test_1271,102.21
ID_test_1272,113.37
ID_test_1273,53.73
ID_test_1274,58.45
ID_test_1275,119.63
ID_test_1276,82.2
ID_test_1277,45.12
ID_test_1278,60.03
ID_test_1279,59.47
ID_test_128,69.74
ID_test_1280,57.02
ID_test_1281,51.13
ID_test_1282,65.65
ID_test_1283,64.54
ID_test_1284,76.16
ID_test_1285,69.29
ID_test_1286,51.13
ID_test_1287,91
ID_test_1288,93.69
ID_test_1289,57.26
ID_test_129,53.4
ID_test_1290,56.66
ID_test_1291,81.65
ID_test_1292,60.32
ID_test_1293,59.44
ID_test_1294,126.58
ID_test_1295,61.43
ID_test_1296,90.6
ID_test_1297,70.29
ID_test_1298,92.11
ID_test_1299,55.58
ID_test_13,74.63
ID_test_130,97.98
ID_test_1300,64.88
ID_test_1301,63.17
ID_test_1302,51.13
ID_test_1303,68.75
ID_test_1304,65.44
ID_test_1305,72.77
ID_test_1306,56.46
ID_test_1307,72.21
ID_test_1308,54.27
ID_test_1309,65.75
ID_test_131,60.89
ID_test_1310,58.45
ID_test_1311,131.56
ID_test_1312,41.46
ID_test_1313,63.12
ID_test_1314,62.53
ID_test_1315,108.13
ID_test_1316,51.13
ID_test_1317,79.04
ID_test_1318,90.04
ID_test_1319,120.48
ID_test_132,101.34
ID_test_1320,62.01
ID_test_1321,113.11
ID_test_1322,104.95
ID_test_1323,82.55
ID_test_1324,43.57
ID_test_1325,49.68
ID_test_1326,74.19
ID_test_1327,59.51
ID_test_1328,59.48
ID_test_1329,102.88
ID_test_133,61.02
ID_test_1330,101.34
ID_test_1331,51.13
ID_test_1332,62.09
ID_test_1333,100.05
ID_test_1334,41.88
ID_test_1335,137.71
ID_test_1336,106.27
ID_test_1337,62.65
ID_test_1338,60.8
ID_test_1339,42.68
ID_test_134,98.37
ID_test_1340,78.08
ID_test_1341,79.13
ID_test_1342,66.53
ID_test_1343,75.09
ID_test_1344,37.85
ID_test_1345,45.12
ID_test_1346,103.12
ID_test_1347,57.15
ID_test_1348,63.53
ID_test_1349,54.43
ID_test_135,100.38
ID_test_1350,61.44
ID_test_1351,109.26
ID_test_1352,101.34
ID_test_1353,53.23
ID_test_1354,108.75
ID_test_1355,43.68
ID_test_1356,61.74
ID_test_1357,79.93
ID_test_1358,108.9
ID_test_1359,62.45
ID_test_136,63.41
ID_test_1360,75.86
ID_test_1361,58.88
ID_test_1362,59.91
ID_test_1363,57.58
ID_test_1364,63.17
ID_test_1365,74.19
ID_test_1366,63.17
ID_test_1367,58.45
ID_test_1368,112.27
ID_test_1369,59.47
ID_test_137,51.13
ID_test_1370,62.59
ID_test_1371,60.87
ID_test_1372,46.63
ID_test_1373,70.55
ID_test_1374,65.69
ID_test_1375,87.25
ID_test_1376,59.2
ID_test_1377,56.99
ID_test_1378,63.07
ID_test_1379,45.49
ID_test_138,87.47
ID_test_1380,65.69
ID_test_1381,77.41
ID_test_1382,78.08
ID_test_1383,63.17
ID_test_1384,65.02
ID_test_1385,72.95
ID_test_1386,100.46
ID_test_1387,52.43
ID_test_1388,70.17
ID_test_1389,63.17
ID_test_139,69.01
ID_test_1390,116.45
ID_test_1391,68.26
ID_test_1392,91.88
ID_test_1393,71.13
ID_test_1394,121.81
ID_test_1395,70.64
ID_test_1396,69.74
ID_test_1397,57.41
ID_test_1398,56.93
ID_test_1399,46.3
ID_test_14,81.99
ID_test_140,77.78
ID_test_1400,91.85
ID_test_1401,51.13
ID_test_1402,70.17
ID_test_1403,63.17
ID_test_1404,51.13
ID_test_1405,101.34
ID_test_1406,108.93
ID_test_1407,56.54
ID_test_1408,58.85
ID_test_1409,51.13
ID_test_141,59.13
ID_test_1410,58.44
ID_test_1411,112.98
ID_test_1412,51.13
ID_test_1413,75.14
ID_test_1414,59.17
ID_test_1415,66.79
ID_test_1416,60.43
ID_test_1417,74.56
ID_test_1418,70.6
ID_test_1419,63.49
ID_test_142,56.18
ID_test_1420,66.05
ID_test_1421,88.26
ID_test_1422,68.29
ID_test_1423,59.18
ID_test_1424,66.7
ID_test_1425,121.19
ID_test_1426,78.04
ID_test_1427,92.62
ID_test_1428,63.77
ID_test_1429,45.12
ID_test_143,102.84
ID_test_1430,45.12
ID_test_1431,61.68
ID_test_1432,60.46
ID_test_1433,44.83
ID_test_1434,86.2
ID_test_1435,61.8
ID_test_1436,51.13
ID_test_1437,54.71
ID_test_1438,45.12
ID_test_1439,99.68
ID_test_144,60.26
ID_test_1440,81.61
ID_test_1441,78.91
ID_test_1442,53.94
ID_test_1443,63.12
ID_test_1444,60.14
ID_test_1445,45.12
ID_test_1446,51.13
ID_test_1447,142.64
ID_test_1448,48.89
ID_test_1449,75.49
ID_test_145,45.12
ID_test_1450,70.08
ID_test_1451,51.13
ID_test_1452,101.33
ID_test_1453,82.36
ID_test_1454,78.04
ID_test_1455,80.43
ID_test_1456,108.64
ID_test_1457,86.95
ID_test_1458,71.58
ID_test_1459,82.32
ID_test_146,51.13
ID_test_1460,42.37
ID_test_1461,92.43
ID_test_1462,124.41
ID_test_1463,77.54
ID_test_1464,59.37
ID_test_1465,66.43
ID_test_1466,62.48
ID_test_1467,73.02
ID_test_1468,69.87
ID_test_1469,51.13
ID_test_147,97.17
ID_test_1470,107.02
ID_test_1471,75.21
ID_test_1472,132.99
ID_test_1473,49.66
ID_test_1474,51.13
ID_test_1475,77.51
ID_test_1476,63.1
ID_test_1477,51.13
ID_test_1478,68.22
ID_test_1479,62.04
ID_test_148,101.34
ID_test_1480,65.98
ID_test_1481,51.13
ID_test_1482,61.05
ID_test_1483,65.53
ID_test_1484,63.17
ID_test_1485,52.06
ID_test_1486,44.43
ID_test_1487,96.69
ID_test_1488,69.88
ID_test_1489,73.02
ID_test_149,70.29
ID_test_1490,82.41
ID_test_1491,66.07
ID_test_1492,65.44
ID_test_1493,51.13
ID_test_1494,125.01
ID_test_1495,51.33
ID_test_1496,94.76
ID_test_1497,46.53
ID_test_1498,59.96
ID_test_1499,51.13
ID_test_15,58.45
ID_test_150,62.46
ID_test_1500,42.35
ID_test_1501,59.54
ID_test_1502,60.02
ID_test_1503,52.95
ID_test_1504,65.25
ID_test_1505,74.1
ID_test_1506,49.55
ID_test_1507,51.13
ID_test_1508,51.13
ID_test_1509,59.81
ID_test_151,118.72
ID_test_1510,57.89
ID_test_1511,51.13
ID_test_1512,75.39
ID_test_1513,80.38
ID_test_1514,70.64
ID_test_1515,62.77
ID_test_1516,63.17
ID_test_1517,68.58
ID_test_1518,57.53
ID_test_1519,71.71
ID_test_152,69.8
ID_test_1520,75.21
ID_test_1521,51.13
ID_test_1522,66.95
ID_test_1523,107.97
ID_test_1524,59.44
ID_test_1525,62.75
ID_test_1526,45.12
ID_test_1527,60.33
ID_test_1528,51.13
ID_test_1529,62.11
ID_test_153,100.58
ID_test_1530,51.13
ID_test_1531,103.06
ID_test_1532,95.83
ID_test_1533,54.73
ID_test_1534,45.12
ID_test_1535,91.06
ID_test_1536,79.34
ID_test_1537,63.17
ID_test_1538,129.61
ID_test_1539,109.28
ID_test_154,70.13
ID_test_1540,61.3
ID_test_1541,41.34
ID_test_1542,68.47
ID_test_1543,57.69
ID_test_1544,76.55
ID_test_1545,42.18
ID_test_1546,68.47
ID_test_1547,126.54
ID_test_1548,81.37
ID_test_1549,62.75
ID_test_155,126.37
ID_test_1550,77.4
ID_test_1551,61.99
ID_test_1552,61.85
ID_test_1553,69.16
ID_test_1554,58.27
ID_test_1555,59.44
ID_test_1556,51.13
ID_test_1557,54.33
ID_test_1558,52.72
ID_test_1559,58.45
ID_test_156,119.9
ID_test_1560,51.13
ID_test_1561,68.26
ID_test_1562,53.3
ID_test_1563,100.02
ID_test_1564,42.71
ID_test_1565,63.18
ID_test_1566,63.7
ID_test_1567,76.44
ID_test_1568,118.49
ID_test_1569,68.08
ID_test_157,62.05
ID_test_1570,94.01
ID_test_1571,87.16
ID_test_1572,63.12
ID_test_1573,63.17
ID_test_1574,76.44
ID_test_1575,51.13
ID_test_1576,102.56
ID_test_1577,107.69
ID_test_1578,139.26
ID_test_1579,59.69
ID_test_158,51.13
ID_test_1580,130.04
ID_test_1581,101.34
ID_test_1582,55.21
ID_test_1583,64.89
ID_test_1584,57.93
ID_test_1585,71.68
ID_test_1586,61.52
ID_test_1587,87.09
ID_test_1588,51.13
ID_test_1589,96.47
ID_test_159,43.61
ID_test_1590,51.13
ID_test_1591,87.65
ID_test_1592,70.52
ID_test_1593,53.26
ID_test_1594,46.59
ID_test_1595,60.54
ID_test_1596,51.13
ID_test_1597,57.9
ID_test_1598,68.33
ID_test_1599,137.71
ID_test_16,55.08
ID_test_160,45.12
ID_test_1600,67.78
ID_test_1601,58.89
ID_test_1602,69.04
ID_test_1603,110.09
ID_test_1604,59.65
ID_test_1605,62.06
ID_test_1606,65.37
ID_test_1607,62.93
ID_test_1608,61.11
ID_test_1609,62.28
ID_test_161,124.13
ID_test_1610,99.92
ID_test_1611,58.49
ID_test_1612,51.13
ID_test_1613,95.18
ID_test_1614,57.96
ID_test_1615,107.7
ID_test_1616,108.22
ID_test_1617,62.21
ID_test_1618,113.7
ID_test_1619,51.24
ID_test_162,52.05
ID_test_1620,101.34
ID_test_1621,40.02
ID_test_1622,47.47
ID_test_1623,63.17
ID_test_1624,70.29
ID_test_1625,65.73
ID_test_1626,71.61
ID_test_1627,67.24
ID_test_1628,60.3
ID_test_1629,90.88
ID_test_163,74.67
ID_test_1630,63.17
ID_test_1631,62.64
ID_test_1632,67.39
ID_test_1633,90.7
ID_test_1634,63.17
ID_test_1635,104.2
ID_test_1636,57.69
ID_test_1637,58.3
ID_test_1638,109.5
ID_test_1639,45.12
ID_test_164,51.13
ID_test_1640,82.36
ID_test_1641,101.35
ID_test_1642,100.26
ID_test_1643,51.13
ID_test_1644,51.13
ID_test_1645,44.85
ID_test_1646,70.9
ID_test_1647,82.98
ID_test_1648,74.15
ID_test_1649,61
ID_test_165,46.91
ID_test_1650,70.6
ID_test_1651,115.2
ID_test_1652,51.13
ID_test_1653,60.04
ID_test_1654,58.84
ID_test_1655,91.3
ID_test_1656,62.69
ID_test_1657,45.12
ID_test_1658,120.79
ID_test_1659,66.53
ID_test_166,127.85
ID_test_1660,51.13
ID_test_1661,69.48
ID_test_1662,101.71
ID_test_1663,82.07
ID_test_1664,48.74
ID_test_1665,141.17
ID_test_1666,56.9
ID_test_1667,58.53
ID_test_1668,94.01
ID_test_1669,50.94
ID_test_167,101.34
ID_test_1670,68.1
ID_test_1671,58.27
ID_test_1672,74.29
ID_test_1673,70.21
ID_test_1674,50.19
ID_test_1675,57.37
ID_test_1676,63.17
ID_test_1677,58.45
ID_test_1678,53.89
ID_test_1679,61.2
ID_test_168,64.24
ID_test_1680,64.81
ID_test_1681,139.39
ID_test_1682,67.7
ID_test_1683,101.75
ID_test_1684,110.08
ID_test_1685,63.79
ID_test_1686,66.99
ID_test_1687,64.89
ID_test_1688,55.47
ID_test_1689,41.62
ID_test_169,55.85
ID_test_1690,51.13
ID_test_1691,39.67
ID_test_1692,61.89
ID_test_1693,72.61
ID_test_1694,96.28
ID_test_1695,99.34
ID_test_1696,78.25
ID_test_1697,67.91
ID_test_1698,63.17
ID_test_1699,111.49
ID_test_17,56.68
ID_test_170,54.58
ID_test_1700,45.12
ID_test_1701,51.13
ID_test_1702,70.24
ID_test_1703,69.32
ID_test_1704,49.99
ID_test_1705,53.7
ID_test_1706,144.44
ID_test_1707,50.98
ID_test_1708,71.21
ID_test_1709,107.35
ID_test_171,85.46
ID_test_1710,94.11
ID_test_1711,45.12
ID_test_1712,125.19
ID_test_1713,130.09
ID_test_1714,106.79
ID_test_1715,76.04
ID_test_1716,62.78
ID_test_1717,62.41
ID_test_1718,60.8
ID_test_1719,77.08
ID_test_172,45.12
ID_test_1720,68.56
ID_test_1721,62.86
ID_test_1722,51.13
ID_test_1723,42.18
ID_test_1724,45.12
ID_test_1725,92.2
ID_test_1726,51.13
ID_test_1727,93.79
ID_test_1728,70.64
ID_test_1729,67.74
ID_test_173,96.82
ID_test_1730,58.52
ID_test_1731,72.37
ID_test_1732,139.39
ID_test_1733,61.05
ID_test_1734,51.13
ID_test_1735,99.91
ID_test_1736,69.88
ID_test_1737,49.95
ID_test_1738,72.3
ID_test_1739,58.45
ID_test_174,66.97
ID_test_1740,70.83
ID_test_1741,71
ID_test_1742,126.58
ID_test_1743,73.46
ID_test_1744,93.34
ID_test_1745,83.36
ID_test_1746,63.13
ID_test_1747,137.57
ID_test_1748,91.03
ID_test_1749,90.69
ID_test_175,63.17
ID_test_1750,54.15
ID_test_1751,74.19
ID_test_1752,76.83
ID_test_1753,104.7
ID_test_1754,47.66
ID_test_1755,57.36
ID_test_1756,68.49
ID_test_1757,60.32
ID_test_1758,56.41
ID_test_1759,68.14
ID_test_176,72.38
ID_test_1760,59.23
ID_test_1761,60.4
ID_test_1762,46.3
ID_test_1763,45.12
ID_test_1764,65.64
ID_test_1765,52.5
ID_test_1766,51.13
ID_test_1767,65.03
ID_test_1768,129.47
ID_test_1769,67.03
ID_test_177,49.72
ID_test_1770,51.13
ID_test_1771,84.78
ID_test_1772,78.23
ID_test_1773,58.81
ID_test_1774,51.13
ID_test_1775,74.63
ID_test_1776,60.11
ID_test_1777,61.01
ID_test_1778,59.69
ID_test_1779,43.4
ID_test_178,51.13
ID_test_1780,87.89
ID_test_1781,63.17
ID_test_1782,58.3
ID_test_1783,124.02
ID_test_1784,92.33
ID_test_1785,79.04
ID_test_1786,79.33
ID_test_1787,101.89
ID_test_1788,63.17
ID_test_1789,59.59
ID_test_179,70.73
ID_test_1790,63.17
ID_test_1791,66.63
ID_test_1792,45.12
ID_test_1793,64.39
ID_test_1794,56.24
ID_test_1795,122.09
ID_test_1796,58.41
ID_test_1797,90.77
ID_test_1798,65.73
ID_test_1799,95.18
ID_test_18,88.6
ID_test_180,58.45
ID_test_1800,59.36
ID_test_1801,141.8
ID_test_1802,53.47
ID_test_1803,63.17
ID_test_1804,51.13
ID_test_1805,68.56
ID_test_1806,63.17
ID_test_1807,56.86
ID_test_1808,45.12
ID_test_1809,121.21
ID_test_181,59.13
ID_test_1810,162.41
ID_test_1811,51.13
ID_test_1812,104.69
ID_test_1813,69.96
ID_test_1814,105.57
ID_test_1815,63.17
ID_test_1816,56.33
ID_test_1817,137.37
ID_test_1818,65.15
ID_test_1819,41.56
ID_test_182,44.92
ID_test_1820,67.27
ID_test_1821,51.13
ID_test_1822,58.56
ID_test_1823,45.12
ID_test_1824,59.47
ID_test_1825,50.27
ID_test_1826,127.71
ID_test_1827,67.9
ID_test_1828,55.57
ID_test_1829,90.68
ID_test_183,69.28
ID_test_1830,52.93
ID_test_1831,113.65
ID_test_1832,45.12
ID_test_1833,67.77
ID_test_1834,77.95
ID_test_1835,96.42
ID_test_1836,71.35
ID_test_1837,103.93
ID_test_1838,58.58
ID_test_1839,57.21
ID_test_184,73.8
ID_test_1840,45.12
ID_test_1841,52.49
ID_test_1842,150.15
ID_test_1843,73.37
ID_test_1844,96.28
ID_test_1845,85.05
ID_test_1846,56.68
ID_test_1847,51.13
ID_test_1848,51.13
ID_test_1849,69.11
ID_test_185,101.34
ID_test_1850,120.26
ID_test_1851,55.7
ID_test_1852,58.18
ID_test_1853,69.54
ID_test_1854,107.49
ID_test_1855,66.31
ID_test_1856,51.13
ID_test_1857,58.29
ID_test_1858,42.75
ID_test_1859,54.24
ID_test_186,51.13
ID_test_1860,68.83
ID_test_1861,54.94
ID_test_1862,93.9
ID_test_1863,62.55
ID_test_1864,111.29
ID_test_1865,63.17
ID_test_1866,85.8
ID_test_1867,57.6
ID_test_1868,63.4
ID_test_1869,68.34
ID_test_187,125.11
ID_test_1870,135.52
ID_test_1871,68.55
ID_test_1872,78.07
ID_test_1873,45.12
ID_test_1874,102
ID_test_1875,51.13
ID_test_1876,67.78
ID_test_1877,56.82
ID_test_1878,45.12
ID_test_1879,51.13
ID_test_188,51.13
ID_test_1880,79.37
ID_test_1881,63.17
ID_test_1882,78.08
ID_test_1883,58.45
ID_test_1884,63.32
ID_test_1885,94.32
ID_test_1886,121.91
ID_test_1887,68.82
ID_test_1888,62.81
ID_test_1889,107.02
ID_test_189,70.73
ID_test_1890,87.2
ID_test_1891,51.13
ID_test_1892,73.98
ID_test_1893,52.7
ID_test_1894,117.47
ID_test_1895,66.49
ID_test_1896,73.26
ID_test_1897,101.34
ID_test_1898,64.66
ID_test_1899,57.97
ID_test_19,105.56
ID_test_190,140.26
ID_test_1900,51.13
ID_test_1901,62.79
ID_test_1902,51.13
ID_test_1903,60.36
ID_test_1904,48.5
ID_test_1905,45.12
ID_test_1906,74.71
ID_test_1907,64.01
ID_test_1908,70.5
ID_test_1909,73.64
ID_test_191,79.35
ID_test_1910,43.52
ID_test_1911,73.02
ID_test_1912,95.83
ID_test_1913,61.42
ID_test_1914,54.15
ID_test_1915,62.31
ID_test_1916,87.49
ID_test_1917,94.76
ID_test_1918,69.71
ID_test_1919,45.12
ID_test_192,69.01
ID_test_1920,60.39
ID_test_1921,60.91
ID_test_1922,82.62
ID_test_1923,76.35
ID_test_1924,64.1
ID_test_1925,49.65
ID_test_1926,55.56
ID_test_1927,49.79
ID_test_1928,45.12
ID_test_1929,64.46
ID_test_193,67.56
ID_test_1930,60.95
ID_test_1931,57.89
ID_test_1932,101.34
ID_test_1933,122.07
ID_test_1934,71.23
ID_test_1935,62.11
ID_test_1936,51.97
ID_test_1937,75.7
ID_test_1938,131.57
ID_test_1939,69.79
ID_test_194,46.44
ID_test_1940,75.22
ID_test_1941,135.06
ID_test_1942,53.59
ID_test_1943,70.24
ID_test_1944,71.75
ID_test_1945,51.13
ID_test_1946,45.12
ID_test_1947,56.01
ID_test_1948,57.92
ID_test_1949,74.48
ID_test_195,97.23
ID_test_1950,51.13
ID_test_1951,66.48
ID_test_1952,54.2
ID_test_1953,68.1
ID_test_1954,45.12
ID_test_1955,63.17
ID_test_1956,43.41
ID_test_1957,101.34
ID_test_1958,58.45
ID_test_1959,59.06
ID_test_196,98.87
ID_test_1960,87.19
ID_test_1961,95.53
ID_test_1962,82.62
ID_test_1963,61.49
ID_test_1964,59.15
ID_test_1965,51.56
ID_test_1966,63.45
ID_test_1967,62.13
ID_test_1968,71.78
ID_test_1969,94.82
ID_test_197,51.52
ID_test_1970,45.12
ID_test_1971,114.9
ID_test_1972,66.88
ID_test_1973,112.88
ID_test_1974,61.89
ID_test_1975,55.36
ID_test_1976,59.99
ID_test_1977,45.12
ID_test_1978,87.6
ID_test_1979,51.13
ID_test_198,67.68
ID_test_1980,43.64
ID_test_1981,108.07
ID_test_1982,58.74
ID_test_1983,69.5
ID_test_1984,99.07
ID_test_1985,63.17
ID_test_1986,45.12
ID_test_1987,77.77
ID_test_1988,73.29
ID_test_1989,55.86
ID_test_199,63.17
ID_test_1990,63.17
ID_test_1991,123.97
ID_test_1992,122.12
ID_test_1993,59.31
ID_test_1994,78.91
ID_test_1995,45.12
ID_test_1996,58.64
ID_test_1997,124.13
ID_test_1998,58.45
ID_test_1999,81.85
ID_test_2,71.84
ID_test_20,51.13
ID_test_200,116.15
ID_test_2000,75.21
ID_test_2001,62.02
ID_test_2002,62.67
ID_test_2003,49.31
ID_test_2004,54.37
ID_test_2005,98.5
ID_test_2006,75.21
ID_test_2007,98.03
ID_test_2008,63.48
ID_test_2009,51.13
ID_test_201,58.45
ID_test_2010,70.7
ID_test_2011,115.66
ID_test_2012,73.02
ID_test_2013,69.8
ID_test_2014,91.24
ID_test_2015,109.5
ID_test_2016,98.17
ID_test_2017,41.06
ID_test_2018,51.13
ID_test_2019,51.13
ID_test_202,85.05
ID_test_2020,54.82
ID_test_2021,90.2
ID_test_2022,123.8
ID_test_2023,78.1
ID_test_2024,49.14
ID_test_2025,127.76
ID_test_2026,58.89
ID_test_2027,45.12
ID_test_2028,76.33
ID_test_2029,69.32
ID_test_203,96.91
ID_test_2030,60.01
ID_test_2031,53.44
ID_test_2032,98.03
ID_test_2033,56.91
ID_test_2034,54.79
ID_test_2035,108.07
ID_test_2036,66.67
ID_test_2037,82.57
ID_test_2038,58.45
ID_test_2039,60.32
ID_test_204,98.39
ID_test_2040,78.3
ID_test_2041,72.77
ID_test_2042,78.52
ID_test_2043,53.9
ID_test_2044,51.13
ID_test_2045,42.18
ID_test_2046,66.72
ID_test_2047,56.99
ID_test_2048,86.96
ID_test_2049,63.17
ID_test_205,75.22
ID_test_2050,51.13
ID_test_2051,45.12
ID_test_2052,51.13
ID_test_2053,94.2
ID_test_2054,52.21
ID_test_2055,96.66
ID_test_2056,43.79
ID_test_2057,96.28
ID_test_2058,50.42
ID_test_2059,116.21
ID_test_206,67.14
ID_test_2060,57.58
ID_test_2061,55.82
ID_test_2062,132.11
ID_test_2063,59.28
ID_test_2064,87.6
ID_test_2065,64.07
ID_test_2066,64.88
ID_test_2067,90.52
ID_test_2068,58.08
ID_test_2069,40.83
ID_test_207,63.17
ID_test_2070,63.01
ID_test_2071,110.76
ID_test_2072,45.12
ID_test_2073,62.77
ID_test_2074,45.12
ID_test_2075,51.13
ID_test_2076,95.44
ID_test_2077,69.17
ID_test_2078,71.84
ID_test_2079,76.64
ID_test_208,127.02
ID_test_2080,45.12
ID_test_2081,63.17
ID_test_2082,51.13
ID_test_2083,70.38
ID_test_2084,71.13
ID_test_2085,101.4
ID_test_2086,85.26
ID_test_2087,65.18
ID_test_2088,68.56
ID_test_2089,124.13
ID_test_209,58.7
ID_test_2090,101.37
ID_test_2091,49.65
ID_test_2092,66.32
ID_test_2093,70.94
ID_test_2094,51.13
ID_test_2095,51.13
ID_test_2096,57.46
ID_test_2097,55.26
ID_test_2098,58.72
ID_test_2099,100.75
ID_test_21,95.45
ID_test_210,54.88
ID_test_2100,112.81
ID_test_2101,69.36
ID_test_2102,73.02
ID_test_2103,60.39
ID_test_2104,61.06
ID_test_2105,60.22
ID_test_2106,59.94
ID_test_2107,73.37
ID_test_2108,55.46
ID_test_2109,51.13
ID_test_211,55.38
ID_test_2110,70.17
ID_test_2111,81.25
ID_test_2112,59.13
ID_test_2113,70.64
ID_test_2114,62.11
ID_test_2115,58.29
ID_test_2116,75.86
ID_test_2117,80.93
ID_test_2118,70.35
ID_test_2119,87.2
ID_test_212,104.48
ID_test_2120,45.12
ID_test_2121,45.12
ID_test_2122,61.18
ID_test_2123,56.55
ID_test_2124,93.31
ID_test_2125,62.33
ID_test_2126,80.67
ID_test_2127,96.23
ID_test_2128,52.18
ID_test_2129,47.47
ID_test_213,46.65
ID_test_2130,72.14
ID_test_2131,79.56
ID_test_2132,52.48
ID_test_2133,54.91
ID_test_2134,58.69
ID_test_2135,96.97
ID_test_2136,54.4
ID_test_2137,51.13
ID_test_2138,57.66
ID_test_2139,101.96
ID_test_214,112.15
ID_test_2140,71.43
ID_test_2141,52.92
ID_test_2142,70.64
ID_test_2143,82.6
ID_test_2144,69.5
ID_test_2145,69.34
ID_test_2146,61.22
ID_test_2147,74.4
ID_test_2148,63.17
ID_test_2149,72.15
ID_test_215,93.34
ID_test_2150,52.06
ID_test_2151,58.45
ID_test_2152,51.13
ID_test_2153,67.97
ID_test_2154,62.06
ID_test_2155,43.62
ID_test_2156,45.12
ID_test_2157,40.13
ID_test_2158,49.76
ID_test_2159,56.86
ID_test_216,94.2
ID_test_2160,63.45
ID_test_2161,51.13
ID_test_2162,66.89
ID_test_2163,62.1
ID_test_2164,64.89
ID_test_2165,57.24
ID_test_2166,155.07
ID_test_2167,52.08
ID_test_2168,66.6
ID_test_2169,51.13
ID_test_217,51.13
ID_test_2170,51.13
ID_test_2171,65.57
ID_test_2172,69.78
ID_test_2173,95.52
ID_test_2174,69.88
ID_test_2175,108.14
ID_test_2176,51.13
ID_test_2177,57.42
ID_test_2178,116.15
ID_test_2179,72.66
ID_test_218,71.65
ID_test_2180,51.13
ID_test_2181,102.78
ID_test_2182,64.79
ID_test_2183,76.09
ID_test_2184,54.72
ID_test_2185,59.95
ID_test_2186,69.4
ID_test_2187,51.16
ID_test_2188,69.32
ID_test_2189,71.72
ID_test_219,59.12
ID_test_2190,43.97
ID_test_2191,112.48
ID_test_2192,60
ID_test_2193,113.27
ID_test_2194,58.45
ID_test_2195,63.17
ID_test_2196,53.42
ID_test_2197,74.29
ID_test_2198,130.24
ID_test_2199,68.11
ID_test_22,44.52
ID_test_220,60.93
ID_test_2200,75.21
ID_test_2201,112.15
ID_test_2202,61.18
ID_test_2203,70.31
ID_test_2204,45.12
ID_test_2205,67.69
ID_test_2206,55.94
ID_test_2207,77.4
ID_test_2208,63.17
ID_test_2209,69.32
ID_test_221,94.6
ID_test_2210,67.7
ID_test_2211,51.13
ID_test_2212,51.13
ID_test_2213,125.45
ID_test_2214,70.1
ID_test_2215,55.21
ID_test_2216,65.73
ID_test_2217,115.38
ID_test_2218,72.95
ID_test_2219,52.79
ID_test_222,70.27
ID_test_2220,69.88
ID_test_2221,58.25
ID_test_2222,122.79
ID_test_2223,48.98
ID_test_2224,42.18
ID_test_2225,51.13
ID_test_2226,57.19
ID_test_2227,58.16
ID_test_2228,63.17
ID_test_2229,66.39
ID_test_223,51.13
ID_test_2230,56.18
ID_test_2231,74.59
ID_test_2232,64.86
ID_test_2233,60.32
ID_test_2234,72.27
ID_test_2235,45.12
ID_test_2236,74.19
ID_test_2237,101.34
ID_test_2238,79.56
ID_test_2239,99.72
ID_test_224,63.17
ID_test_2240,62.31
ID_test_2241,70.47
ID_test_2242,59.51
ID_test_2243,51.13
ID_test_2244,59.82
ID_test_2245,58.45
ID_test_2246,56.52
ID_test_2247,59.44
ID_test_2248,99.71
ID_test_2249,121.52
ID_test_225,61.59
ID_test_2250,76.15
ID_test_2251,57.1
ID_test_2252,134.18
ID_test_2253,102.21
ID_test_2254,62.91
ID_test_2255,65.46
ID_test_2256,55.79
ID_test_2257,97.88
ID_test_2258,70.82
ID_test_2259,82.55
ID_test_226,101.34
ID_test_2260,99.49
ID_test_2261,75.39
ID_test_2262,55.8
ID_test_2263,137.29
ID_test_2264,49.08
ID_test_2265,56.25
ID_test_2266,56.19
ID_test_2267,55.21
ID_test_2268,120.33
ID_test_2269,72.25
ID_test_227,63.17
ID_test_2270,86.61
ID_test_2271,51.13
ID_test_2272,81.26
ID_test_2273,96.6
ID_test_2274,103.18
ID_test_2275,51.13
ID_test_2276,55.94
ID_test_2277,118.09
ID_test_2278,51.13
ID_test_2279,51.13
ID_test_228,75.86
ID_test_2280,109.5
ID_test_2281,99.26
ID_test_2282,72.35
ID_test_2283,66.38
ID_test_2284,60.01
ID_test_2285,63.17
ID_test_2286,58.45
ID_test_2287,130.62
ID_test_2288,47.1
ID_test_2289,51.13
ID_test_229,101.6
ID_test_2290,102.83
ID_test_2291,95.05
ID_test_2292,82.67
ID_test_2293,60.96
ID_test_2294,56.63
ID_test_2295,43.67
ID_test_2296,114
ID_test_2297,71.68
ID_test_2298,109.5
ID_test_2299,63.67
ID_test_23,43.85
ID_test_230,57.01
ID_test_2300,135.07
ID_test_2301,51.13
ID_test_2302,45.12
ID_test_2303,38.56
ID_test_2304,77.08
ID_test_2305,69.32
ID_test_2306,78.79
ID_test_2307,49.46
ID_test_2308,56.57
ID_test_2309,65.83
ID_test_231,72.37
ID_test_2310,95.58
ID_test_2311,51.13
ID_test_2312,59.82
ID_test_2313,65
ID_test_2314,91.06
ID_test_2315,81.94
ID_test_2316,74.19
ID_test_2317,51.13
ID_test_2318,63.17
ID_test_2319,61.43
ID_test_232,74.19
ID_test_2320,49.79
ID_test_2321,60.47
ID_test_2322,49.65
ID_test_2323,57.4
ID_test_2324,98.22
ID_test_2325,144.77
ID_test_2326,62.53
ID_test_2327,111.49
ID_test_2328,51.13
ID_test_2329,102.39
ID_test_233,63.17
ID_test_2330,81.61
ID_test_2331,40.4
ID_test_2332,45.12
ID_test_2333,59.47
ID_test_2334,52.18
ID_test_2335,55.21
ID_test_2336,100.51
ID_test_2337,107.35
ID_test_2338,109.13
ID_test_2339,56.83
ID_test_234,77.54
ID_test_2340,93.18
ID_test_2341,63.17
ID_test_2342,95.18
ID_test_2343,51.13
ID_test_2344,59.89
ID_test_2345,80.62
ID_test_2346,90.83
ID_test_2347,70.29
ID_test_2348,66
ID_test_2349,53.71
ID_test_235,51.13
ID_test_2350,71.93
ID_test_2351,42.18
ID_test_2352,69.13
ID_test_2353,63.38
ID_test_2354,60.43
ID_test_2355,59.31
ID_test_2356,132.99
ID_test_2357,76.64
ID_test_2358,82.34
ID_test_2359,58.1
ID_test_236,72.66
ID_test_2360,94.05
ID_test_2361,72.24
ID_test_2362,112.71
ID_test_2363,58.45
ID_test_2364,56.74
ID_test_2365,48.19
ID_test_2366,123.49
ID_test_2367,95.83
ID_test_2368,63.08
ID_test_2369,90.64
ID_test_237,67.94
ID_test_2370,98.05
ID_test_2371,55.01
ID_test_2372,45.12
ID_test_2373,46.88
ID_test_2374,53.29
ID_test_2375,63.17
ID_test_2376,62.29
ID_test_2377,101.51
ID_test_2378,78.08
ID_test_2379,70.17
ID_test_238,58.45
ID_test_2380,57.05
ID_test_2381,72.35
ID_test_2382,76.35
ID_test_2383,87.16
ID_test_2384,61.42
ID_test_2385,73.39
ID_test_2386,58.57
ID_test_2387,74.19
ID_test_2388,59.02
ID_test_2389,79.15
ID_test_239,47.55
ID_test_2390,126.37
ID_test_2391,119.6
ID_test_2392,44.92
ID_test_2393,63.72
ID_test_2394,60.31
ID_test_2395,71.2
ID_test_2396,69.9
ID_test_2397,77.02
ID_test_2398,78.72
ID_test_2399,58.45
ID_test_24,62.91
ID_test_240,48.2
ID_test_2400,128.94
ID_test_2401,96.1
ID_test_2402,69.23
ID_test_2403,81.21
ID_test_2404,38.17
ID_test_2405,76.94
ID_test_2406,81.1
ID_test_2407,65.36
ID_test_2408,55.49
ID_test_2409,68.47
ID_test_241,62.56
ID_test_2410,69.5
ID_test_2411,70.64
ID_test_2412,68.31
ID_test_2413,61.51
ID_test_2414,75.2
ID_test_2415,51.13
ID_test_2416,65.17
ID_test_2417,75.96
ID_test_2418,63.17
ID_test_2419,48.53
ID_test_242,92.12
ID_test_2420,60.3
ID_test_2421,91.93
ID_test_2422,45.12
ID_test_2423,52.97
ID_test_2424,70.91
ID_test_2425,87.7
ID_test_2426,65.12
ID_test_2427,76.98
ID_test_2428,63.17
ID_test_2429,61.54
ID_test_243,74.19
ID_test_2430,51.33
ID_test_2431,57.67
ID_test_2432,86.47
ID_test_2433,74.11
ID_test_2434,45.12
ID_test_2435,63.03
ID_test_2436,63.17
ID_test_2437,80.25
ID_test_2438,85.34
ID_test_2439,61.09
ID_test_244,95.06
ID_test_2440,63.17
ID_test_2441,96.46
ID_test_2442,87.09
ID_test_2443,74.39
ID_test_2444,66.34
ID_test_2445,57.37
ID_test_2446,52.94
ID_test_2447,73.02
ID_test_2448,93.35
ID_test_2449,112.53
ID_test_245,100.57
ID_test_2450,79.95
ID_test_2451,64.9
ID_test_2452,97.12
ID_test_2453,51.13
ID_test_2454,49.46
ID_test_2455,56.31
ID_test_2456,82.96
ID_test_2457,78.21
ID_test_2458,49.53
ID_test_2459,61.79
ID_test_246,55.53
ID_test_2460,62.46
ID_test_2461,63.17
ID_test_2462,96.7
ID_test_2463,66.54
ID_test_2464,50.84
ID_test_2465,51.13
ID_test_2466,90.6
ID_test_2467,85.47
ID_test_2468,115.55
ID_test_2469,97.14
ID_test_247,67.21
ID_test_2470,109.9
ID_test_2471,60.82
ID_test_2472,72.48
ID_test_2473,50.77
ID_test_2474,88.56
ID_test_2475,58.2
ID_test_2476,74.92
ID_test_2477,86.06
ID_test_2478,75.96
ID_test_2479,57.98
ID_test_248,51.13
ID_test_2480,125.12
ID_test_2481,96.7
ID_test_2482,45.12
ID_test_2483,105.56
ID_test_2484,71.61
ID_test_2485,115.25
ID_test_2486,81.03
ID_test_2487,60.65
ID_test_2488,75.49
ID_test_2489,60.54
ID_test_249,57.35
ID_test_2490,67.19
ID_test_2491,63.17
ID_test_2492,42.18
ID_test_2493,49.7
ID_test_2494,48.45
ID_test_2495,73.18
ID_test_2496,70.84
ID_test_2497,138.02
ID_test_2498,72.11
ID_test_2499,58.16
ID_test_25,45.12
ID_test_250,44.32
ID_test_2500,120.45
ID_test_2501,63.57
ID_test_2502,63.11
ID_test_2503,67.36
ID_test_2504,98.82
ID_test_2505,72.07
ID_test_2506,76.14
ID_test_2507,51.13
ID_test_2508,49.65
ID_test_2509,90.64
ID_test_251,51.13
ID_test_2510,45.12
ID_test_2511,74.47
ID_test_2512,71.17
ID_test_2513,63.17
ID_test_2514,63.17
ID_test_2515,55.19
ID_test_2516,65.69
ID_test_2517,91.99
ID_test_2518,65.41
ID_test_2519,60.19
ID_test_252,81.83
ID_test_2520,63.17
ID_test_2521,70.68
ID_test_2522,51.13
ID_test_2523,59.23
ID_test_2524,98.74
ID_test_2525,92.31
ID_test_2526,96.46
ID_test_2527,91.24
ID_test_2528,124.86
ID_test_2529,77.74
ID_test_253,51.13
ID_test_2530,60.32
ID_test_2531,62.96
ID_test_2532,79.66
ID_test_2533,61.23
ID_test_2534,44.58
ID_test_2535,57.37
ID_test_2536,99.64
ID_test_2537,51.76
ID_test_2538,72.7
ID_test_2539,84.53
ID_test_254,46.16
ID_test_2540,59.13
ID_test_2541,102.76
ID_test_2542,50.81
ID_test_2543,78.23
ID_test_2544,77.04
ID_test_2545,51.13
ID_test_2546,72.31
ID_test_2547,51.13
ID_test_2548,113.77
ID_test_2549,130.45
ID_test_255,93.34
ID_test_2550,64.97
ID_test_2551,93.9
ID_test_2552,58.45
ID_test_2553,63.17
ID_test_2554,53.07
ID_test_2555,48.1
ID_test_2556,69.88
ID_test_2557,65.56
ID_test_2558,42.18
ID_test_2559,52.95
ID_test_256,58.3
ID_test_2560,39.55
ID_test_2561,50.31
ID_test_2562,143.52
ID_test_2563,51.13
ID_test_2564,60.36
ID_test_2565,67.91
ID_test_2566,66.8
ID_test_2567,53.86
ID_test_2568,50.74
ID_test_2569,45.12
ID_test_257,54.03
ID_test_2570,56.16
ID_test_2571,70.64
ID_test_2572,42.18
ID_test_2573,76.37
ID_test_2574,67.97
ID_test_2575,69.02
ID_test_2576,51.13
ID_test_2577,56.64
ID_test_2578,104
ID_test_2579,76.15
ID_test_258,86.06
ID_test_2580,59.24
ID_test_2581,61.98
ID_test_2582,69.8
ID_test_2583,60.67
ID_test_2584,87.89
ID_test_2585,62.23
ID_test_2586,113.45
ID_test_2587,45.12
ID_test_2588,51.13
ID_test_2589,75.92
ID_test_259,58.45
ID_test_2590,61.66
ID_test_2591,70.26
ID_test_2592,65.15
ID_test_2593,82.56
ID_test_2594,73.48
ID_test_2595,63.17
ID_test_2596,97.31
ID_test_2597,51.13
ID_test_2598,60.26
ID_test_2599,57.58
ID_test_26,116.55
ID_test_260,47.59
ID_test_2600,72.65
ID_test_2601,67.11
ID_test_2602,66.52
ID_test_2603,51.13
ID_test_2604,70.24
ID_test_2605,97.25
ID_test_2606,51.54
ID_test_2607,74.87
ID_test_2608,66.07
ID_test_2609,61.22
ID_test_261,62.13
ID_test_2610,45.12
ID_test_2611,128.62
ID_test_2612,62.5
ID_test_2613,61.25
ID_test_2614,114.55
ID_test_2615,60.83
ID_test_2616,71.36
ID_test_2617,51.13
ID_test_2618,74.51
ID_test_2619,62.13
ID_test_262,121.3
ID_test_2620,126.78
ID_test_2621,81.61
ID_test_2622,70.78
ID_test_2623,72.13
ID_test_2624,63.99
ID_test_2625,102.62
ID_test_2626,59.69
ID_test_2627,58.69
ID_test_2628,59.46
ID_test_2629,51.13
ID_test_263,117.47
ID_test_2630,49.73
ID_test_2631,69.11
ID_test_2632,88.76
ID_test_2633,56.16
ID_test_2634,55.26
ID_test_2635,83.74
ID_test_2636,64.96
ID_test_2637,61.99
ID_test_2638,125.12
ID_test_2639,87.19
ID_test_264,122.67
ID_test_2640,56.53
ID_test_2641,52.94
ID_test_2642,62.5
ID_test_2643,51.13
ID_test_2644,54.13
ID_test_2645,58.94
ID_test_2646,111.1
ID_test_2647,45.12
ID_test_2648,62.05
ID_test_2649,73.02
ID_test_265,51.13
ID_test_2650,60.82
ID_test_2651,69.88
ID_test_2652,154.18
ID_test_2653,69.1
ID_test_2654,51.13
ID_test_2655,45.12
ID_test_2656,98.37
ID_test_2657,51.13
ID_test_2658,66.31
ID_test_2659,71.17
ID_test_266,66.43
ID_test_2660,91.34
ID_test_2661,60.55
ID_test_2662,59.23
ID_test_2663,45.12
ID_test_2664,50.96
ID_test_2665,67.35
ID_test_2666,43.96
ID_test_2667,49.65
ID_test_2668,118.09
ID_test_2669,63.17
ID_test_267,107.71
ID_test_2670,123.73
ID_test_2671,51.13
ID_test_2672,57.89
ID_test_2673,109.81
ID_test_2674,110.44
ID_test_2675,63.17
ID_test_2676,76.82
ID_test_2677,51.13
ID_test_2678,83.08
ID_test_2679,62.41
ID_test_268,108
ID_test_2680,108.75
ID_test_2681,116.08
ID_test_2682,59.04
ID_test_2683,98.17
ID_test_2684,57.34
ID_test_2685,96.15
ID_test_2686,62.81
ID_test_2687,106.96
ID_test_2688,66.83
ID_test_2689,137.15
ID_test_269,40.12
ID_test_2690,123.72
ID_test_2691,126.35
ID_test_2692,58.65
ID_test_2693,87.07
ID_test_2694,60.1
ID_test_2695,124.84
ID_test_2696,118.76
ID_test_2697,59.48
ID_test_2698,51.13
ID_test_2699,96.04
ID_test_27,85.62
ID_test_270,73.68
ID_test_2700,132.88
ID_test_2701,51.13
ID_test_2702,51.13
ID_test_2703,59.14
ID_test_2704,84.67
ID_test_2705,79.04
ID_test_2706,58.45
ID_test_2707,101.36
ID_test_2708,73.02
ID_test_2709,105.42
ID_test_271,82.07
ID_test_2710,45.12
ID_test_2711,60.89
ID_test_2712,126.1
ID_test_2713,130.09
ID_test_2714,68.56
ID_test_2715,74.11
ID_test_2716,65.54
ID_test_2717,91.29
ID_test_2718,37.66
ID_test_2719,59.63
ID_test_272,68.27
ID_test_2720,123.66
ID_test_2721,63.99
ID_test_2722,68.27
ID_test_2723,66.99
ID_test_2724,101.17
ID_test_2725,137.91
ID_test_2726,65.17
ID_test_2727,62.03
ID_test_2728,42.18
ID_test_2729,92.33
ID_test_273,142.07
ID_test_2730,74.14
ID_test_2731,45.12
ID_test_2732,40.8
ID_test_2733,74.14
ID_test_2734,68.26
ID_test_2735,74.44
ID_test_2736,51.13
ID_test_2737,62.66
ID_test_2738,65.29
ID_test_2739,105.92
ID_test_274,53.93
ID_test_2740,90.15
ID_test_2741,43.68
ID_test_2742,59.15
ID_test_2743,68.82
ID_test_2744,42.06
ID_test_2745,58.35
ID_test_2746,63.17
ID_test_2747,58.03
ID_test_2748,59.97
ID_test_2749,109
ID_test_275,70.8
ID_test_2750,97.04
ID_test_2751,114.68
ID_test_2752,57.98
ID_test_2753,51.13
ID_test_2754,88.15
ID_test_2755,51.13
ID_test_2756,92.76
ID_test_2757,81.23
ID_test_2758,54.95
ID_test_2759,43.69
ID_test_276,83.32
ID_test_2760,74.25
ID_test_2761,51.13
ID_test_2762,51.13
ID_test_2763,45.44
ID_test_2764,123.66
ID_test_2765,112.71
ID_test_2766,69.79
ID_test_2767,108.12
ID_test_2768,72.11
ID_test_2769,72.07
ID_test_277,56.81
ID_test_2770,55.48
ID_test_2771,54.01
ID_test_2772,63.17
ID_test_2773,80.2
ID_test_2774,59.79
ID_test_2775,59.13
ID_test_2776,102.79
ID_test_2777,56.95
ID_test_2778,70.6
ID_test_2779,63.17
ID_test_278,111.17
ID_test_2780,51.03
ID_test_2781,78.01
ID_test_2782,146.05
ID_test_2783,72.31
ID_test_2784,93.34
ID_test_2785,87.83
ID_test_2786,56.63
ID_test_2787,59.12
ID_test_2788,58.45
ID_test_2789,101.93
ID_test_279,94.42
ID_test_2790,51.13
ID_test_2791,63.11
ID_test_2792,54.33
ID_test_2793,48.48
ID_test_2794,60.54
ID_test_2795,52.37
ID_test_2796,53.74
ID_test_2797,109.8
ID_test_2798,59.13
ID_test_2799,69.4
ID_test_28,74.6
ID_test_280,51.13
ID_test_2800,47.79
ID_test_2801,141.71
ID_test_2802,51.13
ID_test_2803,68.64
ID_test_2804,104.48
ID_test_2805,61.05
ID_test_2806,71.68
ID_test_2807,52.26
ID_test_2808,88.79
ID_test_2809,51.13
ID_test_281,75.92
ID_test_2810,47.79
ID_test_2811,70.48
ID_test_2812,37.52
ID_test_2813,54.33
ID_test_2814,81.85
ID_test_2815,67.91
ID_test_2816,68.64
ID_test_2817,68.25
ID_test_2818,56.18
ID_test_2819,67.07
ID_test_282,102.35
ID_test_2820,61.22
ID_test_2821,47.62
ID_test_2822,109.28
ID_test_2823,87.2
ID_test_2824,43.65
ID_test_2825,96.85
ID_test_2826,79.32
ID_test_2827,52.9
ID_test_2828,54.37
ID_test_2829,51.13
ID_test_283,86.95
ID_test_2830,45.12
ID_test_2831,63.72
ID_test_2832,66.7
ID_test_2833,56.25
ID_test_2834,51.13
ID_test_2835,96.35
ID_test_2836,87.67
ID_test_2837,118.39
ID_test_2838,51.13
ID_test_2839,69.79
ID_test_284,101.07
ID_test_2840,54.49
ID_test_2841,64.64
ID_test_2842,49.46
ID_test_2843,42.11
ID_test_2844,38.71
ID_test_2845,51.13
ID_test_2846,127.19
ID_test_2847,69.32
ID_test_2848,66.42
ID_test_2849,64.89
ID_test_285,73.48
ID_test_2850,71.25
ID_test_2851,57.78
ID_test_2852,39.89
ID_test_2853,49.74
ID_test_2854,52.39
ID_test_2855,51.13
ID_test_2856,74.4
ID_test_2857,128.82
ID_test_2858,113.53
ID_test_2859,43.68
ID_test_286,153.11
ID_test_2860,51.13
ID_test_2861,92.6
ID_test_2862,59.79
ID_test_2863,91.23
ID_test_2864,70.17
ID_test_2865,58.45
ID_test_2866,63.17
ID_test_2867,51.89
ID_test_2868,63.17
ID_test_2869,65.59
ID_test_287,68.56
ID_test_2870,111.83
ID_test_2871,87.19
ID_test_2872,83.74
ID_test_2873,64.87
ID_test_2874,68.4
ID_test_2875,76.44
ID_test_2876,103.39
ID_test_2877,76.26
ID_test_2878,51.13
ID_test_2879,62.67
ID_test_288,78.08
ID_test_2880,41.88
ID_test_2881,59.25
ID_test_2882,63.17
ID_test_2883,86.96
ID_test_2884,51.13
ID_test_2885,43.37
ID_test_2886,51.13
ID_test_2887,51.13
ID_test_2888,101.68
ID_test_2889,57.06
ID_test_289,70.42
ID_test_2890,91.26
ID_test_2891,37.9
ID_test_2892,66.24
ID_test_2893,57.8
ID_test_2894,101.34
ID_test_2895,87.59
ID_test_2896,86.33
ID_test_2897,49.73
ID_test_2898,80.74
ID_test_2899,72.77
ID_test_29,51.13
ID_test_290,69.45
ID_test_2900,112.88
ID_test_2901,69.76
ID_test_2902,58.08
ID_test_2903,58.25
ID_test_2904,92.53
ID_test_2905,50.63
ID_test_2906,55.53
ID_test_2907,96.77
ID_test_2908,52.39
ID_test_2909,48.36
ID_test_291,43.4
ID_test_2910,53.76
ID_test_2911,63.61
ID_test_2912,80.97
ID_test_2913,65.64
ID_test_2914,51.13
ID_test_2915,57.39
ID_test_2916,131.83
ID_test_2917,54.75
ID_test_2918,56.16
ID_test_2919,45.12
ID_test_292,87.16
ID_test_2920,63.17
ID_test_2921,64.89
ID_test_2922,53.54
ID_test_2923,71.2
ID_test_2924,54.25
ID_test_2925,62.6
ID_test_2926,57.93
ID_test_2927,66.89
ID_test_2928,88.11
ID_test_2929,63.17
ID_test_293,61.5
ID_test_2930,88.72
ID_test_2931,103.46
ID_test_2932,119.69
ID_test_2933,70.96
ID_test_2934,56.02
ID_test_2935,57.79
ID_test_2936,106.83
ID_test_2937,72.07
ID_test_2938,98.37
ID_test_2939,78.4
ID_test_294,46.6
ID_test_2940,61.56
ID_test_2941,103.5
ID_test_2942,84.62
ID_test_2943,44.09
ID_test_2944,68.25
ID_test_2945,65.49
ID_test_2946,56.33
ID_test_2947,82.49
ID_test_2948,57.8
ID_test_2949,51.13
ID_test_295,53.21
ID_test_2950,73.94
ID_test_2951,100.26
ID_test_2952,129.89
ID_test_2953,75.49
ID_test_2954,62.96
ID_test_2955,50.18
ID_test_2956,69.85
ID_test_2957,74.47
ID_test_2958,72.39
ID_test_2959,45.81
ID_test_296,139.97
ID_test_2960,53.18
ID_test_2961,43.79
ID_test_2962,51.13
ID_test_2963,108.08
ID_test_2964,57.99
ID_test_2965,72.2
ID_test_2966,45.12
ID_test_2967,59.66
ID_test_2968,73.94
ID_test_2969,48.3
ID_test_297,86.67
ID_test_2970,48.81
ID_test_2971,63.27
ID_test_2972,57.17
ID_test_2973,132.96
ID_test_2974,97.45
ID_test_2975,46.97
ID_test_2976,52.49
ID_test_2977,45.12
ID_test_2978,60.49
ID_test_2979,58.64
ID_test_298,65.43
ID_test_2980,51.13
ID_test_2981,54.85
ID_test_2982,76.11
ID_test_2983,57.51
ID_test_2984,105.68
ID_test_2985,72.19
ID_test_2986,93.85
ID_test_2987,123.67
ID_test_2988,46.88
ID_test_2989,56.93
ID_test_299,70.29
ID_test_2990,48.45
ID_test_2991,103.24
ID_test_2992,49.3
ID_test_2993,69.79
ID_test_2994,75.86
ID_test_2995,94.82
ID_test_2996,61.55
ID_test_2997,56.21
ID_test_2998,73.02
ID_test_2999,51.13
ID_test_3,56.92
ID_test_30,51.13
ID_test_300,95.83
ID_test_3000,74.19
ID_test_3001,54.31
ID_test_3002,102.56
ID_test_3003,38.66
ID_test_3004,65.77
ID_test_3005,112.56
ID_test_3006,126
ID_test_3007,52.17
ID_test_3008,116.36
ID_test_3009,51.13
ID_test_301,51.13
ID_test_3010,52.96
ID_test_3011,47.43
ID_test_3012,63.78
ID_test_3013,67.07
ID_test_3014,122.12
ID_test_3015,64.96
ID_test_3016,113.78
ID_test_3017,130.09
ID_test_3018,51.13
ID_test_3019,109.45
ID_test_302,117.43
ID_test_3020,108.75
ID_test_3021,67.28
ID_test_3022,45.12
ID_test_3023,45.81
ID_test_3024,64.7
ID_test_3025,51.13
ID_test_3026,103.94
ID_test_3027,58.45
ID_test_3028,55.63
ID_test_3029,38.97
ID_test_303,51.13
ID_test_3030,48.91
ID_test_3031,60.76
ID_test_3032,67.78
ID_test_3033,155.56
ID_test_3034,101.34
ID_test_3035,125.47
ID_test_3036,95.09
ID_test_3037,125.48
ID_test_3038,116.24
ID_test_3039,65.5
ID_test_304,40.73
ID_test_3040,49.27
ID_test_3041,117.97
ID_test_3042,54.68
ID_test_3043,69.45
ID_test_3044,68.29
ID_test_3045,57.97
ID_test_3046,60.33
ID_test_3047,50.78
ID_test_3048,44.92
ID_test_3049,101.34
ID_test_305,109.22
ID_test_3050,75.82
ID_test_3051,62.74
ID_test_3052,65.64
ID_test_3053,89.25
ID_test_3054,59.52
ID_test_3055,104.94
ID_test_3056,40.77
ID_test_3057,95.93
ID_test_3058,116.85
ID_test_3059,101.34
ID_test_306,63.17
ID_test_3060,112.74
ID_test_3061,101.82
ID_test_3062,67.32
ID_test_3063,59.13
ID_test_3064,98.46
ID_test_3065,52.14
ID_test_3066,70.51
ID_test_3067,51.13
ID_test_3068,69.71
ID_test_3069,121.48
ID_test_307,59.35
ID_test_3070,54.65
ID_test_3071,55.36
ID_test_3072,45.12
ID_test_3073,58.45
ID_test_3074,112.09
ID_test_3075,49.29
ID_test_3076,105.56
ID_test_3077,51.13
ID_test_3078,66.45
ID_test_3079,73.63
ID_test_308,104.91
ID_test_3080,70.64
ID_test_3081,69.67
ID_test_3082,99.22
ID_test_3083,71.92
ID_test_3084,47.74
ID_test_3085,60.02
ID_test_3086,110.79
ID_test_3087,81.23
ID_test_3088,57.37
ID_test_3089,73.24
ID_test_309,66.83
ID_test_3090,101.34
ID_test_3091,101.34
ID_test_3092,73.85
ID_test_3093,96.45
ID_test_3094,47.05
ID_test_3095,45.12
ID_test_3096,58.93
ID_test_3097,99.51
ID_test_3098,64.01
ID_test_3099,45.12
ID_test_31,64.99
ID_test_310,74.11
ID_test_3100,130.18
ID_test_3101,110.17
ID_test_3102,59.28
ID_test_3103,59.94
ID_test_3104,91.73
ID_test_3105,51.13
ID_test_3106,65.31
ID_test_3107,65.07
ID_test_3108,95.65
ID_test_3109,71.93
ID_test_311,59.2
ID_test_3110,106.84
ID_test_3111,58.25
ID_test_3112,120.51
ID_test_3113,75.39
ID_test_3114,81.61
ID_test_3115,69.18
ID_test_3116,45.12
ID_test_3117,51.13
ID_test_3118,78.25
ID_test_3119,85.58
ID_test_312,97.25
ID_test_3120,51.13
ID_test_3121,66.47
ID_test_3122,60.33
ID_test_3123,110.83
ID_test_3124,58.45
ID_test_3125,63.17
ID_test_3126,62.47
ID_test_3127,47.1
ID_test_3128,51.13
ID_test_3129,40.48
ID_test_313,57.67
ID_test_3130,52.26
ID_test_3131,51.13
ID_test_3132,94.97
ID_test_3133,51.35
ID_test_3134,41.18
ID_test_3135,79.13
ID_test_3136,87.6
ID_test_3137,51.13
ID_test_3138,69.36
ID_test_3139,98.69
ID_test_314,67.32
ID_test_3140,82.47
ID_test_3141,95.83
ID_test_3142,59.98
ID_test_3143,60.32
ID_test_3144,60.01
ID_test_3145,63.11
ID_test_3146,74.29
ID_test_3147,59.13
ID_test_3148,45.12
ID_test_3149,70.67
ID_test_315,61.5
ID_test_3150,95.55
ID_test_3151,45.12
ID_test_3152,101.13
ID_test_3153,74.44
ID_test_3154,72.99
ID_test_3155,53.21
ID_test_3156,56.77
ID_test_3157,56.08
ID_test_3158,53.65
ID_test_3159,72.37
ID_test_316,51.13
ID_test_3160,114.16
ID_test_3161,48.36
ID_test_3162,45.12
ID_test_3163,48.64
ID_test_3164,88.59
ID_test_3165,77.37
ID_test_3166,70.17
ID_test_3167,102.56
ID_test_3168,54.3
ID_test_3169,57.6
ID_test_317,55.53
ID_test_3170,63.17
ID_test_3171,95.81
ID_test_3172,70.02
ID_test_3173,63.58
ID_test_3174,53.65
ID_test_3175,89.88
ID_test_3176,56.63
ID_test_3177,116.45
ID_test_3178,121.78
ID_test_3179,52.91
ID_test_318,80.56
ID_test_3180,63.17
ID_test_3181,78.3
ID_test_3182,70.26
ID_test_3183,55.16
ID_test_3184,68.27
ID_test_3185,68.14
ID_test_3186,98.37
ID_test_3187,86.37
ID_test_3188,66.7
ID_test_3189,72.5
ID_test_319,72.7
ID_test_3190,62.91
ID_test_3191,105.42
ID_test_3192,101.97
ID_test_3193,123.94
ID_test_3194,69.41
ID_test_3195,81.8
ID_test_3196,71.84
ID_test_3197,86.55
ID_test_3198,47.47
ID_test_3199,111.36
ID_test_32,51.13
ID_test_320,119.63
ID_test_3200,51.78
ID_test_3201,65.9
ID_test_3202,69.71
ID_test_3203,74.65
ID_test_3204,93.34
ID_test_3205,51.13
ID_test_3206,102.7
ID_test_3207,120.69
ID_test_3208,51.13
ID_test_3209,52.94
ID_test_321,72.08
ID_test_3210,56.06
ID_test_3211,51.13
ID_test_3212,51.13
ID_test_3213,153.64
ID_test_3214,61.96
ID_test_3215,45.78
ID_test_3216,85.34
ID_test_3217,69.62
ID_test_3218,58.57
ID_test_3219,65.91
ID_test_322,70.27
ID_test_3220,135.19
ID_test_3221,84.21
ID_test_3222,101.36
ID_test_3223,64.89
ID_test_3224,101.34
ID_test_3225,55.87
ID_test_3226,58.89
ID_test_3227,94.46
ID_test_3228,86.2
ID_test_3229,101.34
ID_test_323,41.88
ID_test_3230,65.46
ID_test_3231,111.57
ID_test_3232,101.34
ID_test_3233,70.64
ID_test_3234,77.78
ID_test_3235,63.8
ID_test_3236,73.57
ID_test_3237,60.46
ID_test_3238,58.45
ID_test_3239,59.13
ID_test_324,137.29
ID_test_3240,69.65
ID_test_3241,45.09
ID_test_3242,51.13
ID_test_3243,51.13
ID_test_3244,136.44
ID_test_3245,48.3
ID_test_3246,51.13
ID_test_3247,63.17
ID_test_3248,55.97
ID_test_3249,59.74
ID_test_325,69.41
ID_test_3250,48.36
ID_test_3251,51.13
ID_test_3252,72.31
ID_test_3253,59.95
ID_test_3254,64.27
ID_test_3255,107.7
ID_test_3256,93.09
ID_test_3257,77.47
ID_test_3258,110.73
ID_test_3259,56.51
ID_test_326,147.84
ID_test_3260,72.19
ID_test_3261,77.47
ID_test_3262,55.37
ID_test_3263,87.16
ID_test_3264,104.48
ID_test_3265,63.17
ID_test_3266,47.26
ID_test_3267,59.13
ID_test_3268,129.23
ID_test_3269,77.37
ID_test_327,97.73
ID_test_3270,80.4
ID_test_3271,51.13
ID_test_3272,66.32
ID_test_3273,89.08
ID_test_3274,69.37
ID_test_3275,85.2
ID_test_3276,102.44
ID_test_3277,79.96
ID_test_3278,59.45
ID_test_3279,82.36
ID_test_328,61.68
ID_test_3280,73.02
ID_test_3281,60.72
ID_test_3282,68.89
ID_test_3283,102.83
ID_test_3284,74.46
ID_test_3285,50.73
ID_test_3286,63.17
ID_test_3287,52.09
ID_test_3288,49.87
ID_test_3289,77.95
ID_test_329,71.58
ID_test_3290,65.38
ID_test_3291,54.35
ID_test_3292,96.46
ID_test_3293,53.38
ID_test_3294,53.28
ID_test_3295,63.98
ID_test_3296,40.7
ID_test_3297,120.24
ID_test_3298,55.38
ID_test_3299,64.66
ID_test_33,45.12
ID_test_330,76.36
ID_test_3300,103.73
ID_test_3301,92.9
ID_test_3302,65.77
ID_test_3303,85.05
ID_test_3304,70.2
ID_test_3305,53.65
ID_test_3306,63.17
ID_test_3307,51.13
ID_test_3308,100.74
ID_test_3309,62.11
ID_test_331,67.07
ID_test_3310,98.03
ID_test_3311,55.72
ID_test_3312,70.36
ID_test_3313,101.34
ID_test_3314,55.23
ID_test_3315,69.9
ID_test_3316,62.16
ID_test_3317,51.13
ID_test_3318,51.13
ID_test_3319,67.11
ID_test_332,67.9
ID_test_3320,72.86
ID_test_3321,86.17
ID_test_3322,132.99
ID_test_3323,50.11
ID_test_3324,63.17
ID_test_3325,78.05
ID_test_3326,51.13
ID_test_3327,63.49
ID_test_3328,43.46
ID_test_3329,66.35
ID_test_333,51.13
ID_test_3330,54.03
ID_test_3331,51.13
ID_test_3332,122.07
ID_test_3333,76.69
ID_test_3334,72.95
ID_test_3335,56.8
ID_test_3336,101.05
ID_test_3337,41.85
ID_test_3338,98.83
ID_test_3339,51.13
ID_test_334,51.13
ID_test_3340,59.44
ID_test_3341,61.1
ID_test_3342,62.58
ID_test_3343,63.17
ID_test_3344,95.87
ID_test_3345,95.02
ID_test_3346,95.82
ID_test_3347,100.46
ID_test_3348,50.95
ID_test_3349,51.13
ID_test_335,45.03
ID_test_3350,138.15
ID_test_3351,108.07
ID_test_3352,64.09
ID_test_3353,95.11
ID_test_3354,62.66
ID_test_3355,72.42
ID_test_3356,71.68
ID_test_3357,51.13
ID_test_3358,126.78
ID_test_3359,51.13
ID_test_336,72.75
ID_test_3360,106.55
ID_test_3361,101.34
ID_test_3362,120.31
ID_test_3363,94.26
ID_test_3364,56.85
ID_test_3365,92.05
ID_test_3366,73.02
ID_test_3367,115.23
ID_test_3368,131.92
ID_test_3369,77.14
ID_test_337,77.24
ID_test_3370,67.49
ID_test_3371,63.13
ID_test_3372,59.11
ID_test_3373,112.71
ID_test_3374,56.54
ID_test_3375,60.65
ID_test_3376,86.2
ID_test_3377,66.36
ID_test_3378,51.13
ID_test_3379,92.18
ID_test_338,102.56
ID_test_3380,48.45
ID_test_3381,51.13
ID_test_3382,108.37
ID_test_3383,45.12
ID_test_3384,64.89
ID_test_3385,123.43
ID_test_3386,51.13
ID_test_3387,86.8
ID_test_3388,85.2
ID_test_3389,145.75
ID_test_339,55.37
ID_test_3390,53.8
ID_test_3391,51.13
ID_test_3392,124.56
ID_test_3393,48.16
ID_test_3394,62.05
ID_test_3395,118.21
ID_test_3396,82.54
ID_test_3397,62.3
ID_test_3398,59.27
ID_test_3399,76.49
ID_test_34,65.02
ID_test_340,65.09
ID_test_3400,91.06
ID_test_3401,69.67
ID_test_3402,101.34
ID_test_3403,80.2
ID_test_3404,51.13
ID_test_3405,126.13
ID_test_3406,47.91
ID_test_3407,57.76
ID_test_3408,65.36
ID_test_3409,51.13
ID_test_341,51.13
ID_test_3410,51.13
ID_test_3411,51.13
ID_test_3412,94.68
ID_test_3413,68.78
ID_test_3414,47.59
ID_test_3415,74.15
ID_test_3416,62.88
ID_test_3417,123.49
ID_test_3418,63.17
ID_test_3419,101.34
ID_test_342,93.75
ID_test_3420,59.66
ID_test_3421,51.13
ID_test_3422,122.62
ID_test_3423,64.35
ID_test_3424,76.28
ID_test_3425,67.23
ID_test_3426,58.78
ID_test_3427,55.41
ID_test_3428,74.19
ID_test_3429,51.13
ID_test_343,47.64
ID_test_3430,63.77
ID_test_3431,87.11
ID_test_3432,81.25
ID_test_3433,57.26
ID_test_3434,63.22
ID_test_3435,86.81
ID_test_3436,94.05
ID_test_3437,51.13
ID_test_3438,81.25
ID_test_3439,54.04
ID_test_344,92.74
ID_test_3440,66.22
ID_test_3441,70.7
ID_test_3442,45.12
ID_test_3443,68.89
ID_test_3444,57.34
ID_test_3445,72.3
ID_test_3446,68.52
ID_test_3447,45.12
ID_test_3448,51.13
ID_test_3449,43.55
ID_test_345,68.11
ID_test_3450,54.47
ID_test_3451,45.21
ID_test_3452,55.41
ID_test_3453,73.6
ID_test_3454,63.1
ID_test_3455,43.97
ID_test_3456,57.17
ID_test_3457,55.94
ID_test_3458,52.64
ID_test_3459,67.76
ID_test_346,58.96
ID_test_3460,60.28
ID_test_3461,137.99
ID_test_3462,73.12
ID_test_3463,61.09
ID_test_3464,112.15
ID_test_3465,65.84
ID_test_3466,124.8
ID_test_3467,58.06
ID_test_3468,51.13
ID_test_3469,51.13
ID_test_347,53.22
ID_test_3470,51.13
ID_test_3471,51.13
ID_test_3472,62.37
ID_test_3473,77.94
ID_test_3474,64.82
ID_test_3475,66.89
ID_test_3476,72.36
ID_test_3477,60.93
ID_test_3478,95.87
ID_test_3479,51.13
ID_test_348,98.46
ID_test_3480,73.84
ID_test_3481,98.86
ID_test_3482,79.96
ID_test_3483,56.62
ID_test_3484,101.34
ID_test_3485,102.68
ID_test_3486,60.32
ID_test_3487,69.8
ID_test_3488,72.65
ID_test_3489,61.91
ID_test_349,59.19
ID_test_3490,68.47
ID_test_3491,101.84
ID_test_3492,108.41
ID_test_3493,54.69
ID_test_3494,66.68
ID_test_3495,90.51
ID_test_3496,51.13
ID_test_3497,74.5
ID_test_3498,66.63
ID_test_3499,74.19
ID_test_35,103.8
ID_test_350,150.4
ID_test_3500,49.82
ID_test_3501,119.63
ID_test_3502,49.87
ID_test_3503,43.64
ID_test_3504,69.57
ID_test_3505,59.49
ID_test_3506,51.13
ID_test_3507,74.19
ID_test_3508,54.27
ID_test_3509,79.83
ID_test_351,51.13
ID_test_3510,140.97
ID_test_3511,58.2
ID_test_3512,45.12
ID_test_3513,59.94
ID_test_3514,60.3
ID_test_3515,109.11
ID_test_3516,51.13
ID_test_3517,69.85
ID_test_3518,74.7
ID_test_3519,70.14
ID_test_352,74.63
ID_test_3520,50.94
ID_test_3521,61.23
ID_test_3522,64.04
ID_test_3523,51
ID_test_3524,64.28
ID_test_3525,51.13
ID_test_3526,60.4
ID_test_3527,94.93
ID_test_3528,127.25
ID_test_3529,57.46
ID_test_353,51.13
ID_test_3530,58.75
ID_test_3531,71.2
ID_test_3532,101.54
ID_test_3533,47.14
ID_test_3534,67.15
ID_test_3535,101.58
ID_test_3536,88.11
ID_test_3537,63.17
ID_test_3538,48.72
ID_test_3539,67.78
ID_test_354,71.61
ID_test_3540,57.23
ID_test_3541,49.1
ID_test_3542,75.2
ID_test_3543,60.28
ID_test_3544,59
ID_test_3545,69.35
ID_test_3546,61.99
ID_test_3547,45.12
ID_test_3548,101.34
ID_test_3549,101.34
ID_test_355,39.62
ID_test_3550,92.33
ID_test_3551,58.2
ID_test_3552,45.12
ID_test_3553,59.03
ID_test_3554,112.98
ID_test_3555,51.13
ID_test_3556,53.59
ID_test_3557,62.19
ID_test_3558,79.54
ID_test_3559,66.96
ID_test_356,74.88
ID_test_3560,68.88
ID_test_3561,51.13
ID_test_3562,74.57
ID_test_3563,62.04
ID_test_3564,53.41
ID_test_3565,91.23
ID_test_3566,58.96
ID_test_3567,51.13
ID_test_3568,50.29
ID_test_3569,60.49
ID_test_357,48.77
ID_test_3570,49
ID_test_3571,126.88
ID_test_3572,59.74
ID_test_3573,93.42
ID_test_3574,103.12
ID_test_3575,89.31
ID_test_3576,100.06
ID_test_3577,54.38
ID_test_3578,55.81
ID_test_3579,56.68
ID_test_358,49.18
ID_test_3580,54.24
ID_test_3581,53.76
ID_test_3582,65.68
ID_test_3583,100.62
ID_test_3584,51.13
ID_test_3585,101.34
ID_test_3586,51.13
ID_test_3587,51.13
ID_test_3588,57.52
ID_test_3589,51.13
ID_test_359,67.41
ID_test_3590,66.78
ID_test_3591,59.7
ID_test_3592,74.11
ID_test_3593,57.44
ID_test_3594,101.34
ID_test_3595,57.03
ID_test_3596,59.47
ID_test_3597,60.32
ID_test_3598,70.23
ID_test_3599,74.39
ID_test_36,128.82
ID_test_360,72.28
ID_test_3600,59.94
ID_test_3601,50.84
ID_test_3602,64.32
ID_test_3603,61.3
ID_test_3604,117.56
ID_test_3605,69.04
ID_test_3606,71.2
ID_test_3607,42.9
ID_test_3608,62.11
ID_test_3609,48.22
ID_test_361,58.59
ID_test_3610,62.7
ID_test_3611,109.46
ID_test_3612,63.17
ID_test_3613,63.17
ID_test_3614,46.25
ID_test_3615,95.35
ID_test_3616,45.12
ID_test_3617,51.49
ID_test_3618,92.14
ID_test_3619,101.34
ID_test_362,93.11
ID_test_3620,70.59
ID_test_3621,60.82
ID_test_3622,97.19
ID_test_3623,124.89
ID_test_3624,133.63
ID_test_3625,45.12
ID_test_3626,104.76
ID_test_3627,54.16
ID_test_3628,95.08
ID_test_3629,91.06
ID_test_363,118.09
ID_test_3630,42.56
ID_test_3631,51.13
ID_test_3632,76.26
ID_test_3633,51.13
ID_test_3634,53.27
ID_test_3635,71.72
ID_test_3636,89.63
ID_test_3637,107.52
ID_test_3638,51.13
ID_test_3639,81.61
ID_test_364,124.89
ID_test_3640,62.78
ID_test_3641,63.17
ID_test_3642,113.68
ID_test_3643,51.13
ID_test_3644,83.54
ID_test_3645,98.6
ID_test_3646,106.72
ID_test_3647,62.59
ID_test_3648,51.13
ID_test_3649,45.12
ID_test_365,51.13
ID_test_3650,69.18
ID_test_3651,131.83
ID_test_3652,135.52
ID_test_3653,94.9
ID_test_3654,63.17
ID_test_3655,70.96
ID_test_3656,65.67
ID_test_3657,53.54
ID_test_3658,61.5
ID_test_3659,74.55
ID_test_366,56.95
ID_test_3660,65.42
ID_test_3661,111.29
ID_test_3662,122.24
ID_test_3663,74.81
ID_test_3664,65.29
ID_test_3665,54.37
ID_test_3666,123.44
ID_test_3667,51.13
ID_test_3668,51.13
ID_test_3669,87.99
ID_test_367,63.17
ID_test_3670,77.19
ID_test_3671,58.48
ID_test_3672,88.11
ID_test_3673,62.11
ID_test_3674,115.7
ID_test_3675,56.07
ID_test_3676,51.92
ID_test_3677,54.33
ID_test_3678,51.13
ID_test_3679,68.74
ID_test_368,56.25
ID_test_3680,62.47
ID_test_3681,121.11
ID_test_3682,95.09
ID_test_3683,64.04
ID_test_3684,70.78
ID_test_3685,48.54
ID_test_3686,51.13
ID_test_3687,96.19
ID_test_3688,52.35
ID_test_3689,122.31
ID_test_369,89.03
ID_test_3690,126.37
ID_test_3691,63.17
ID_test_3692,101.87
ID_test_3693,83.25
ID_test_3694,59.48
ID_test_3695,51.13
ID_test_3696,52.79
ID_test_3697,61.3
ID_test_3698,63.9
ID_test_3699,48.36
ID_test_37,77.66
ID_test_370,101.34
ID_test_3700,120.46
ID_test_3701,51.13
ID_test_3702,52.09
ID_test_3703,103.54
ID_test_3704,61.59
ID_test_3705,51.13
ID_test_3706,112.88
ID_test_3707,100.42
ID_test_3708,129.42
ID_test_3709,64.68
ID_test_371,70.96
ID_test_3710,45.12
ID_test_3711,58.45
ID_test_3712,64.55
ID_test_3713,82.92
ID_test_3714,70.51
ID_test_3715,69.71
ID_test_3716,65.15
ID_test_3717,85.58
ID_test_3718,49.31
ID_test_3719,54.88
ID_test_372,47.66
ID_test_3720,79.04
ID_test_3721,69.01
ID_test_3722,60.83
ID_test_3723,75.26
ID_test_3724,51.13
ID_test_3725,98.59
ID_test_3726,66.97
ID_test_3727,108.15
ID_test_3728,132.64
ID_test_3729,57.7
ID_test_373,76.52
ID_test_3730,61.09
ID_test_3731,75.49
ID_test_3732,68.63
ID_test_3733,126.5
ID_test_3734,78.88
ID_test_3735,45.12
ID_test_3736,65.53
ID_test_3737,65
ID_test_3738,58.25
ID_test_3739,58.45
ID_test_374,67.07
ID_test_3740,47.97
ID_test_3741,78.25
ID_test_3742,119.98
ID_test_3743,51.13
ID_test_3744,41.13
ID_test_3745,51.13
ID_test_3746,62.5
ID_test_3747,59.29
ID_test_3748,134.96
ID_test_3749,60.32
ID_test_375,66
ID_test_3750,50.03
ID_test_3751,62.51
ID_test_3752,49
ID_test_3753,44.68
ID_test_3754,69.8
ID_test_3755,72.2
ID_test_3756,63.17
ID_test_3757,140.7
ID_test_3758,58.2
ID_test_3759,51.13
ID_test_376,77.48
ID_test_3760,87.91
ID_test_3761,86.17
ID_test_3762,96.74
ID_test_3763,49.73
ID_test_3764,49.1
ID_test_3765,51.13
ID_test_3766,105.14
ID_test_3767,67.12
ID_test_3768,72.13
ID_test_3769,56.25
ID_test_377,88.56
ID_test_3770,58.67
ID_test_3771,128.53
ID_test_3772,79.13
ID_test_3773,48.12
ID_test_3774,58.75
ID_test_3775,130.69
ID_test_3776,73.51
ID_test_3777,63.17
ID_test_3778,116.11
ID_test_3779,77.54
ID_test_378,47.47
ID_test_3780,51.13
ID_test_3781,83.25
ID_test_3782,63.17
ID_test_3783,63.94
ID_test_3784,119.09
ID_test_3785,72.84
ID_test_3786,63.17
ID_test_3787,80.44
ID_test_3788,62.05
ID_test_3789,52.93
ID_test_379,61.28
ID_test_3790,49.6
ID_test_3791,61.55
ID_test_3792,60.17
ID_test_3793,51.13
ID_test_3794,45.12
ID_test_3795,51.13
ID_test_3796,58.66
ID_test_3797,63.16
ID_test_3798,79.32
ID_test_3799,71.4
ID_test_38,57.57
ID_test_380,51.13
ID_test_3800,101.45
ID_test_3801,63.36
ID_test_3802,78.08
ID_test_3803,72.21
ID_test_3804,62.05
ID_test_3805,51.13
ID_test_3806,61.6
ID_test_3807,51.13
ID_test_3808,90.3
ID_test_3809,98.68
ID_test_381,100.13
ID_test_3810,99.85
ID_test_3811,43.68
ID_test_3812,65.42
ID_test_3813,104.14
ID_test_3814,64.42
ID_test_3815,127.82
ID_test_3816,62.31
ID_test_3817,95.23
ID_test_3818,43.64
ID_test_3819,72.46
ID_test_382,113
ID_test_3820,61.97
ID_test_3821,74.4
ID_test_3822,60.31
ID_test_3823,77.67
ID_test_3824,55.52
ID_test_3825,64.9
ID_test_3826,121.65
ID_test_3827,93.74
ID_test_3828,67.69
ID_test_3829,72.29
ID_test_383,69.67
ID_test_3830,63.06
ID_test_3831,129.77
ID_test_3832,64.05
ID_test_3833,71.31
ID_test_3834,66.55
ID_test_3835,57.38
ID_test_3836,83.3
ID_test_3837,58.45
ID_test_3838,99.14
ID_test_3839,95.79
ID_test_384,64.71
ID_test_3840,140.97
ID_test_3841,72.35
ID_test_3842,63.17
ID_test_3843,93.59
ID_test_3844,107.74
ID_test_3845,61.2
ID_test_3846,63.28
ID_test_3847,42.18
ID_test_3848,66.57
ID_test_3849,62.04
ID_test_385,98.91
ID_test_3850,67.47
ID_test_3851,53.57
ID_test_3852,43.58
ID_test_3853,97.98
ID_test_3854,43.65
ID_test_3855,48.01
ID_test_3856,74.64
ID_test_3857,76.44
ID_test_3858,52.63
ID_test_3859,51.13
ID_test_386,57.36
ID_test_3860,75.96
ID_test_3861,97.99
ID_test_3862,62.66
ID_test_3863,58.61
ID_test_3864,92.57
ID_test_3865,49.46
ID_test_3866,61.97
ID_test_3867,51.13
ID_test_3868,54.88
ID_test_3869,53.38
ID_test_387,63.17
ID_test_3870,80.67
ID_test_3871,63.17
ID_test_3872,63.17
ID_test_3873,75.65
ID_test_3874,87.75
ID_test_3875,123.68
ID_test_3876,87.95
ID_test_3877,51.13
ID_test_3878,102.81
ID_test_3879,51.13
ID_test_388,107.8
ID_test_3880,65.69
ID_test_3881,82.55
ID_test_3882,106.11
ID_test_3883,81.31
ID_test_3884,135.12
ID_test_3885,66.07
ID_test_3886,69.05
ID_test_3887,46.92
ID_test_3888,67.56
ID_test_3889,90.41
ID_test_389,130.1
ID_test_3890,101.13
ID_test_3891,55.46
ID_test_3892,73.25
ID_test_3893,42.18
ID_test_3894,77.67
ID_test_3895,67.15
ID_test_3896,47.77
ID_test_3897,57.09
ID_test_3898,45.12
ID_test_3899,60.84
ID_test_39,58.22
ID_test_390,75.49
ID_test_3900,45.12
ID_test_3901,65.95
ID_test_3902,64.61
ID_test_3903,99.78
ID_test_3904,101.34
ID_test_3905,60.54
ID_test_3906,51.13
ID_test_3907,52.94
ID_test_3908,53.92
ID_test_3909,67.67
ID_test_391,43.68
ID_test_3910,43.4
ID_test_3911,78.04
ID_test_3912,56.5
ID_test_3913,58.85
ID_test_3914,51.68
ID_test_3915,93.42
ID_test_3916,85.2
ID_test_3917,58.85
ID_test_3918,51.13
ID_test_3919,80.39
ID_test_392,45.12
ID_test_3920,106.65
ID_test_3921,136.85
ID_test_3922,72.2
ID_test_3923,60.23
ID_test_3924,43.03
ID_test_3925,62.91
ID_test_3926,69.91
ID_test_3927,68.95
ID_test_3928,138.43
ID_test_3929,76.48
ID_test_393,83.78
ID_test_3930,55.34
ID_test_3931,51.13
ID_test_3932,70.68
ID_test_3933,53.39
ID_test_3934,120.94
ID_test_3935,77
ID_test_3936,102.31
ID_test_3937,50.78
ID_test_3938,53.85
ID_test_3939,57.97
ID_test_394,79.04
ID_test_3940,57.99
ID_test_3941,93.84
ID_test_3942,115.69
ID_test_3943,46.93
ID_test_3944,69.01
ID_test_3945,82.49
ID_test_3946,65.94
ID_test_3947,65.17
ID_test_3948,81.99
ID_test_3949,60.87
ID_test_395,51.13
ID_test_3950,121.9
ID_test_3951,63.17
ID_test_3952,75.46
ID_test_3953,72.08
ID_test_3954,122.07
ID_test_3955,66.32
ID_test_3956,51.13
ID_test_3957,56.86
ID_test_3958,51.13
ID_test_3959,71.68
ID_test_396,56
ID_test_3960,61.86
ID_test_3961,113.27
ID_test_3962,54.01
ID_test_3963,75.21
ID_test_3964,63.04
ID_test_3965,77.08
ID_test_3966,60.55
ID_test_3967,50.84
ID_test_3968,59.4
ID_test_3969,115.25
ID_test_397,56.73
ID_test_3970,72.38
ID_test_3971,62.35
ID_test_3972,61.18
ID_test_3973,58.49
ID_test_3974,79.8
ID_test_3975,100.15
ID_test_3976,62.75
ID_test_3977,115.69
ID_test_3978,106.11
ID_test_3979,78.56
ID_test_398,63.17
ID_test_3980,117.87
ID_test_3981,50.71
ID_test_3982,61.28
ID_test_3983,51.13
ID_test_3984,63.17
ID_test_3985,38.4
ID_test_3986,101.34
ID_test_3987,40.12
ID_test_3988,74.19
ID_test_3989,91.42
ID_test_399,59.38
ID_test_3990,78.69
ID_test_3991,85.34
ID_test_3992,83.59
ID_test_3993,39.92
ID_test_3994,92.31
ID_test_3995,82.88
ID_test_3996,55.2
ID_test_3997,55.75
ID_test_3998,61.18
ID_test_3999,54.75
ID_test_4,49.32
ID_test_40,87.16
ID_test_400,154.62
ID_test_4000,63.11
ID_test_4001,48.45
ID_test_4002,51.13
ID_test_4003,55.18
ID_test_4004,73
ID_test_4005,92.31
ID_test_4006,56.25
ID_test_4007,76.73
ID_test_4008,51.13
ID_test_4009,57.11
ID_test_401,63.17
ID_test_4010,51.13
ID_test_4011,63.99
ID_test_4012,63.17
ID_test_4013,124.58
ID_test_4014,43.79
ID_test_4015,73.97
ID_test_4016,58.3
ID_test_4017,58.45
ID_test_4018,54.06
ID_test_4019,109.11
ID_test_402,45.12
ID_test_4020,57.88
ID_test_4021,51.13
ID_test_4022,51.13
ID_test_4023,76.49
ID_test_4024,103.28
ID_test_4025,72.13
ID_test_4026,58.74
ID_test_4027,110.73
ID_test_4028,65.36
ID_test_4029,63.51
ID_test_403,48.36
ID_test_4030,95.69
ID_test_4031,77.67
ID_test_4032,80.1
ID_test_4033,60.11
ID_test_4034,51.73
ID_test_4035,67.98
ID_test_4036,63.77
ID_test_4037,88.59
ID_test_4038,71.91
ID_test_4039,58.02
ID_test_404,65.31
ID_test_4040,52.65
ID_test_4041,62.07
ID_test_4042,50.97
ID_test_4043,51.13
ID_test_4044,69.01
ID_test_4045,61.17
ID_test_4046,81.61
ID_test_4047,51.13
ID_test_4048,59.78
ID_test_4049,42.11
ID_test_405,49.81
ID_test_4050,102.43
ID_test_4051,60.32
ID_test_4052,71.13
ID_test_4053,63.99
ID_test_4054,57.96
ID_test_4055,99.61
ID_test_4056,69.89
ID_test_4057,88.55
ID_test_4058,70.64
ID_test_4059,67.29
ID_test_406,80
ID_test_4060,42.18
ID_test_4061,53.42
ID_test_4062,59.58
ID_test_4063,53.54
ID_test_4064,116.08
ID_test_4065,61.8
ID_test_4066,68.74
ID_test_4067,107.95
ID_test_4068,51.13
ID_test_4069,43.43
ID_test_407,70.15
ID_test_4070,121.28
ID_test_4071,95.18
ID_test_4072,108.15
ID_test_4073,51.13
ID_test_4074,104.48
ID_test_4075,54.67
ID_test_4076,54.77
ID_test_4077,67.35
ID_test_4078,54.06
ID_test_4079,59.47
ID_test_408,51.13
ID_test_4080,99.07
ID_test_4081,96.46
ID_test_4082,59.09
ID_test_4083,58.45
ID_test_4084,53.25
ID_test_4085,63.08
ID_test_4086,56.07
ID_test_4087,118.07
ID_test_4088,52.24
ID_test_4089,63.43
ID_test_409,85.34
ID_test_4090,51.86
ID_test_4091,85.05
ID_test_4092,75.97
ID_test_4093,51.13
ID_test_4094,51.13
ID_test_4095,58.74
ID_test_4096,49.98
ID_test_4097,55.14
ID_test_4098,51.13
ID_test_4099,54.32
ID_test_41,80.52
ID_test_410,67.24
ID_test_4100,61.75
ID_test_4101,52.18
ID_test_4102,56.2
ID_test_4103,78.49
ID_test_4104,68.76
ID_test_4105,53.31
ID_test_4106,87.45
ID_test_4107,118.05
ID_test_4108,77.25
ID_test_4109,63.15
ID_test_411,50.93
ID_test_4110,115.06
ID_test_4111,110.63
ID_test_4112,56.04
ID_test_4113,57.13
ID_test_4114,51.13
ID_test_4115,70.33
ID_test_4116,72.46
ID_test_4117,119.96
ID_test_4118,56.35
ID_test_4119,93
ID_test_412,126.37
ID_test_4120,47.7
ID_test_4121,75.93
ID_test_4122,63.17
ID_test_4123,51.13
ID_test_4124,95.02
ID_test_4125,58.2
ID_test_4126,103.12
ID_test_4127,138.33
ID_test_4128,45.12
ID_test_4129,121.29
ID_test_413,63.56
ID_test_4130,62.96
ID_test_4131,58.45
ID_test_4132,58.25
ID_test_4133,125.17
ID_test_4134,119.54
ID_test_4135,51.13
ID_test_4136,62.42
ID_test_4137,51.13
ID_test_4138,110.06
ID_test_4139,57.18
ID_test_414,99.79
ID_test_4140,100.56
ID_test_4141,74.02
ID_test_4142,95.47
ID_test_4143,57.52
ID_test_4144,67.24
ID_test_4145,60.71
ID_test_4146,54.01
ID_test_4147,74.81
ID_test_4148,99.99
ID_test_4149,74.4
ID_test_415,45.12
ID_test_4150,58.45
ID_test_4151,51.13
ID_test_4152,63.17
ID_test_4153,38.52
ID_test_4154,72.34
ID_test_4155,66.72
ID_test_4156,56.23
ID_test_4157,68.39
ID_test_4158,91.87
ID_test_4159,71.31
ID_test_416,64.15
ID_test_4160,69.79
ID_test_4161,77.24
ID_test_4162,50.35
ID_test_4163,74.55
ID_test_4164,55.55
ID_test_4165,46.92
ID_test_4166,62.77
ID_test_4167,124.61
ID_test_4168,71.53
ID_test_4169,51.13
ID_test_417,51.13
ID_test_4170,58.45
ID_test_4171,46.93
ID_test_4172,62.52
ID_test_4173,64.39
ID_test_4174,63.17
ID_test_4175,52.22
ID_test_4176,47.06
ID_test_4177,65.36
ID_test_4178,67.65
ID_test_4179,115.25
ID_test_418,48.82
ID_test_4180,99.55
ID_test_4181,51.13
ID_test_4182,70.3
ID_test_4183,86.67
ID_test_4184,52.95
ID_test_4185,45.12
ID_test_4186,53.67
ID_test_4187,54.37
ID_test_4188,96.91
ID_test_4189,50.21
ID_test_419,124.51
ID_test_4190,55.94
ID_test_4191,54.81
ID_test_4192,63.17
ID_test_4193,39.36
ID_test_4194,51.13
ID_test_4195,46.1
ID_test_4196,63.17
ID_test_4197,52.79
ID_test_4198,53.94
ID_test_4199,63.17
ID_test_42,66.94
ID_test_420,51.13
ID_test_4200,51.13
ID_test_4201,85.9
ID_test_4202,76
ID_test_4203,49.3
ID_test_4204,72.3
ID_test_4205,54.32
ID_test_4206,57.3
ID_test_4207,42.27
ID_test_4208,87.07
ID_test_4209,63.17
ID_test_421,65.41
ID_test_4210,38.45
ID_test_4211,50.68
ID_test_4212,59.97
ID_test_4213,102.06
ID_test_4214,62.25
ID_test_4215,51.13
ID_test_4216,68.42
ID_test_4217,92.31
ID_test_4218,61.31
ID_test_4219,72.41
ID_test_422,70.38
ID_test_4220,102.56
ID_test_4221,70.06
ID_test_4222,87.11
ID_test_4223,72.58
ID_test_4224,41.93
ID_test_4225,85.76
ID_test_4226,67.65
ID_test_4227,58.45
ID_test_4228,61.71
ID_test_4229,88.13
ID_test_423,51.13
ID_test_4230,63.86
ID_test_4231,51.13
ID_test_4232,52.9
ID_test_4233,55.7
ID_test_4234,51.13
ID_test_4235,53.43
ID_test_4236,94.99
ID_test_4237,88
ID_test_4238,96.28
ID_test_4239,55.83
ID_test_424,56.55
ID_test_4240,101.34
ID_test_4241,70.29
ID_test_4242,75.82
ID_test_4243,63.17
ID_test_4244,45.12
ID_test_4245,60.41
ID_test_4246,60.69
ID_test_4247,52.06
ID_test_4248,51.13
ID_test_4249,92.86
ID_test_425,123.67
ID_test_4250,58.44
ID_test_4251,76.82
ID_test_4252,140.97
ID_test_4253,87.08
ID_test_4254,51.13
ID_test_4255,61.1
ID_test_4256,58.01
ID_test_4257,68.76
ID_test_4258,86.95
ID_test_4259,97.15
ID_test_426,94.2
ID_test_4260,59.66
ID_test_4261,47.89
ID_test_4262,89.29
ID_test_4263,66.89
ID_test_4264,132.15
ID_test_4265,38.78
ID_test_4266,119.41
ID_test_4267,51.13
ID_test_4268,87.6
ID_test_4269,93.69
ID_test_427,98.75
ID_test_4270,53.61
ID_test_4271,64.81
ID_test_4272,87.89
ID_test_4273,60.05
ID_test_4274,48.46
ID_test_4275,119.86
ID_test_4276,63.17
ID_test_4277,70.64
ID_test_4278,139.66
ID_test_4279,80.25
ID_test_428,39.85
ID_test_4280,72.22
ID_test_4281,94.91
ID_test_4282,66.59
ID_test_4283,91.86
ID_test_4284,155.56
ID_test_4285,38.12
ID_test_4286,75.74
ID_test_4287,125.11
ID_test_4288,113.85
ID_test_4289,72.93
ID_test_429,63.2
ID_test_4290,92.31
ID_test_4291,52.79
ID_test_4292,91.68
ID_test_4293,116.15
ID_test_4294,135.19
ID_test_4295,42.42
ID_test_4296,52.93
ID_test_4297,60.32
ID_test_4298,98.03
ID_test_4299,58.45
ID_test_43,72.38
ID_test_430,69.87
ID_test_4300,110.94
ID_test_4301,105.56
ID_test_4302,98.77
ID_test_4303,51.13
ID_test_4304,61.5
ID_test_4305,45.12
ID_test_4306,51.13
ID_test_4307,54.96
ID_test_4308,63.13
ID_test_4309,75.21
ID_test_431,66.54
ID_test_4310,117.59
ID_test_4311,51.13
ID_test_4312,75.31
ID_test_4313,76.8
ID_test_4314,70.19
ID_test_4315,49.31
ID_test_4316,51.13
ID_test_4317,50.95
ID_test_4318,61.12
ID_test_4319,60.9
ID_test_432,71.78
ID_test_4320,59.96
ID_test_4321,77.58
ID_test_4322,38.62
ID_test_4323,123.49
ID_test_4324,58.28
ID_test_4325,51.13
ID_test_4326,42.64
ID_test_4327,65.53
ID_test_4328,98.37
ID_test_4329,51.13
ID_test_433,90.76
ID_test_4330,74.13
ID_test_4331,51.13
ID_test_4332,45.12
ID_test_4333,61.43
ID_test_4334,59.29
ID_test_4335,112.31
ID_test_4336,69.67
ID_test_4337,59.95
ID_test_4338,71.5
ID_test_4339,66.44
ID_test_434,51.13
ID_test_4340,49.69
ID_test_4341,77.11
ID_test_4342,62.71
ID_test_4343,96.7
ID_test_4344,72.46
ID_test_4345,126.58
ID_test_4346,102.51
ID_test_4347,64.89
ID_test_4348,63.17
ID_test_4349,92.31
ID_test_435,103.8
ID_test_4350,80.54
ID_test_4351,71.89
ID_test_4352,59.78
ID_test_4353,43.05
ID_test_4354,63.61
ID_test_4355,51.13
ID_test_4356,102.71
ID_test_4357,73.81
ID_test_4358,58.82
ID_test_4359,45.12
ID_test_436,69.83
ID_test_4360,51.13
ID_test_4361,123.48
ID_test_4362,46.1
ID_test_4363,76.69
ID_test_4364,51.13
ID_test_4365,54.43
ID_test_4366,101.34
ID_test_4367,57.48
ID_test_4368,72.03
ID_test_4369,43.58
ID_test_437,82.94
ID_test_4370,76.44
ID_test_4371,57.06
ID_test_4372,133.36
ID_test_4373,133.62
ID_test_4374,136.99
ID_test_4375,51.13
ID_test_4376,82.07
ID_test_4377,117.04
ID_test_4378,48.16
ID_test_4379,70.83
ID_test_438,69.7
ID_test_4380,122.12
ID_test_4381,54.94
ID_test_4382,60.47
ID_test_4383,67.24
ID_test_4384,82.09
ID_test_4385,58.45
ID_test_4386,54.15
ID_test_4387,58.01
ID_test_4388,42.18
ID_test_4389,100.76
ID_test_439,99.32
ID_test_4390,80.25
ID_test_4391,56.31
ID_test_4392,108.19
ID_test_4393,68.31
ID_test_4394,51.13
ID_test_4395,58.9
ID_test_4396,63.38
ID_test_4397,77.95
ID_test_4398,51.13
ID_test_4399,63.08
ID_test_44,48.22
ID_test_440,73.04
ID_test_4400,63.94
ID_test_4401,88.94
ID_test_4402,80.39
ID_test_4403,58.88
ID_test_4404,45.12
ID_test_4405,81.37
ID_test_4406,102.51
ID_test_4407,57.48
ID_test_4408,135.52
ID_test_4409,101.34
ID_test_441,80.13
ID_test_4410,64.76
ID_test_4411,64.42
ID_test_4412,66.63
ID_test_4413,51.13
ID_test_4414,120.58
ID_test_4415,50.69
ID_test_4416,53.47
ID_test_4417,63.17
ID_test_4418,111.98
ID_test_4419,65.96
ID_test_442,74.11
ID_test_4420,57.94
ID_test_4421,60.32
ID_test_4422,76.32
ID_test_4423,61.12
ID_test_4424,58.6
ID_test_4425,51.13
ID_test_4426,127.2
ID_test_4427,63.17
ID_test_4428,51.13
ID_test_4429,74.5
ID_test_443,56.48
ID_test_4430,76.88
ID_test_4431,58.69
ID_test_4432,63.17
ID_test_4433,53.56
ID_test_4434,75.49
ID_test_4435,53.7
ID_test_4436,60.35
ID_test_4437,51.13
ID_test_4438,70.35
ID_test_4439,60.38
ID_test_444,45.12
ID_test_4440,94.68
ID_test_4441,67.98
ID_test_4442,77.49
ID_test_4443,74.96
ID_test_4444,63.38
ID_test_4445,69.77
ID_test_4446,75.21
ID_test_4447,64.3
ID_test_4448,55.91
ID_test_4449,52.59
ID_test_445,126.5
ID_test_4450,126.5
ID_test_4451,58.88
ID_test_4452,62.27
ID_test_4453,51.13
ID_test_4454,96.1
ID_test_4455,60.74
ID_test_4456,55.81
ID_test_4457,63.1
ID_test_4458,63.9
ID_test_4459,61.94
ID_test_446,70.49
ID_test_4460,57.05
ID_test_4461,71.03
ID_test_4462,96.77
ID_test_4463,76.42
ID_test_4464,64.89
ID_test_4465,73.44
ID_test_4466,45.12
ID_test_4467,60.36
ID_test_4468,45.12
ID_test_4469,51.13
ID_test_447,58.45
ID_test_4470,95.09
ID_test_4471,46.95
ID_test_4472,85.51
ID_test_4473,51.13
ID_test_4474,63.17
ID_test_4475,65.93
ID_test_4476,97.06
ID_test_4477,66.75
ID_test_4478,70.58
ID_test_4479,123.51
ID_test_448,74.4
ID_test_4480,60.72
ID_test_4481,43.74
ID_test_4482,82.54
ID_test_4483,69.87
ID_test_4484,79.26
ID_test_4485,53.79
ID_test_4486,37.22
ID_test_4487,96.45
ID_test_4488,69.79
ID_test_4489,74.19
ID_test_449,47.6
ID_test_4490,73.94
ID_test_4491,58.25
ID_test_4492,96.91
ID_test_4493,81.08
ID_test_4494,61.5
ID_test_4495,52.42
ID_test_4496,97.1
ID_test_4497,120.18
ID_test_4498,87.12
ID_test_4499,87.16
ID_test_45,51.13
ID_test_450,63.17
ID_test_4500,54.28
ID_test_4501,54.77
ID_test_4502,63.17
ID_test_4503,80.33
ID_test_4504,129.77
ID_test_4505,51.13
ID_test_4506,55.23
ID_test_4507,115.08
ID_test_4508,50.61
ID_test_4509,51.13
ID_test_451,78.58
ID_test_4510,68.79
ID_test_4511,58.25
ID_test_4512,58.3
ID_test_4513,38.62
ID_test_4514,96.74
ID_test_4515,70.34
ID_test_4516,133.55
ID_test_4517,70.66
ID_test_4518,64.51
ID_test_4519,51.13
ID_test_452,58.08
ID_test_4520,51.13
ID_test_4521,101.63
ID_test_4522,73.4
ID_test_4523,60.15
ID_test_4524,49.33
ID_test_4525,61.66
ID_test_4526,62.77
ID_test_4527,68.15
ID_test_4528,45.03
ID_test_4529,105.23
ID_test_453,114.85
ID_test_4530,66.78
ID_test_4531,104.48
ID_test_4532,55.97
ID_test_4533,51.13
ID_test_4534,104.75
ID_test_4535,62.25
ID_test_4536,88.4
ID_test_4537,51.13
ID_test_4538,69.45
ID_test_4539,59.18
ID_test_454,49.87
ID_test_4540,53.67
ID_test_4541,111.77
ID_test_4542,63.17
ID_test_4543,75.49
ID_test_4544,64.43
ID_test_4545,81.23
ID_test_4546,69.96
ID_test_4547,42.2
ID_test_4548,45.12
ID_test_4549,52.62
ID_test_455,60.8
ID_test_4550,51.13
ID_test_4551,38.56
ID_test_4552,43.34
ID_test_4553,87.07
ID_test_4554,73.94
ID_test_4555,51.13
ID_test_4556,45.12
ID_test_4557,62.31
ID_test_4558,48.79
ID_test_4559,75.39
ID_test_456,74.59
ID_test_4560,53.2
ID_test_4561,51.24
ID_test_4562,75.71
ID_test_4563,75.96
ID_test_4564,123.16
ID_test_4565,57.96
ID_test_4566,51.24
ID_test_4567,104.48
ID_test_4568,58.08
ID_test_4569,68.17
ID_test_457,122.62
ID_test_4570,140.06
ID_test_4571,52.43
ID_test_4572,51.13
ID_test_4573,59.99
ID_test_4574,118.37
ID_test_4575,63.17
ID_test_4576,51.13
ID_test_4577,51.13
ID_test_4578,77
ID_test_4579,53.6
ID_test_458,70.54
ID_test_4580,57.24
ID_test_4581,60.21
ID_test_4582,54.19
ID_test_4583,74.1
ID_test_4584,37.64
ID_test_4585,84.41
ID_test_4586,54.97
ID_test_4587,76.33
ID_test_4588,51.13
ID_test_4589,45.22
ID_test_459,61.25
ID_test_4590,70.42
ID_test_4591,66.61
ID_test_4592,55.07
ID_test_4593,66.07
ID_test_4594,93.05
ID_test_4595,48.36
ID_test_4596,74.81
ID_test_4597,85.85
ID_test_4598,60.13
ID_test_4599,55.58
ID_test_46,50.51
ID_test_460,72.11
ID_test_4600,52.15
ID_test_4601,56.44
ID_test_4602,92.2
ID_test_4603,102.88
ID_test_4604,98.1
ID_test_4605,66.73
ID_test_4606,56.86
ID_test_4607,54.45
ID_test_4608,45.12
ID_test_4609,45.44
ID_test_461,116.36
ID_test_4610,47.53
ID_test_4611,65.46
ID_test_4612,69.28
ID_test_4613,58.45
ID_test_4614,87.09
ID_test_4615,57.24
ID_test_4616,47.47
ID_test_4617,73.8
ID_test_4618,54.52
ID_test_4619,56.55
ID_test_462,54.81
ID_test_4620,57.25
ID_test_4621,76.08
ID_test_4622,47.59
ID_test_4623,64.5
ID_test_4624,78.02
ID_test_4625,91.3
ID_test_4626,64.83
ID_test_4627,62.66
ID_test_4628,59.28
ID_test_4629,42.13
ID_test_463,51.13
ID_test_4630,124.35
ID_test_4631,70.35
ID_test_4632,74.96
ID_test_4633,60.54
ID_test_4634,101.19
ID_test_4635,59.47
ID_test_4636,51.13
ID_test_4637,61.91
ID_test_4638,51.13
ID_test_4639,51.13
ID_test_464,55.1
ID_test_4640,76.96
ID_test_4641,74.66
ID_test_4642,57.49
ID_test_4643,74.42
ID_test_4644,52.96
ID_test_4645,48.02
ID_test_4646,140.8
ID_test_4647,65.36
ID_test_4648,68.93
ID_test_4649,59.96
ID_test_465,151.92
ID_test_4650,38.42
ID_test_4651,51.01
ID_test_4652,63.17
ID_test_4653,66.7
ID_test_4654,54.24
ID_test_4655,73.37
ID_test_4656,50.43
ID_test_4657,93.85
ID_test_4658,78.41
ID_test_4659,50.72
ID_test_466,92.62
ID_test_4660,62.88
ID_test_4661,57.55
ID_test_4662,110.14
ID_test_4663,61.44
ID_test_4664,98.03
ID_test_4665,59.31
ID_test_4666,57.51
ID_test_4667,99.34
ID_test_4668,78.58
ID_test_4669,53.54
ID_test_467,52.78
ID_test_4670,57.11
ID_test_4671,107.33
ID_test_4672,45.12
ID_test_4673,114.21
ID_test_4674,97.37
ID_test_4675,51.13
ID_test_4676,50.58
ID_test_4677,45.82
ID_test_4678,61.49
ID_test_4679,49.11
ID_test_468,96.15
ID_test_4680,96.74
ID_test_4681,60.02
ID_test_4682,58.69
ID_test_4683,111.29
ID_test_4684,60.84
ID_test_4685,48.5
ID_test_4686,76.44
ID_test_4687,115.76
ID_test_4688,85.87
ID_test_4689,43.2
ID_test_469,96.11
ID_test_4690,82.55
ID_test_4691,68.26
ID_test_4692,85.46
ID_test_4693,53.97
ID_test_4694,80.1
ID_test_4695,58.45
ID_test_4696,69.17
ID_test_4697,69.87
ID_test_4698,82.36
ID_test_4699,49.84
ID_test_47,80.73
ID_test_470,53.18
ID_test_4700,67.74
ID_test_4701,106.9
ID_test_4702,91.71
ID_test_4703,45.12
ID_test_4704,60.77
ID_test_4705,51.13
ID_test_4706,124.54
ID_test_4707,58.45
ID_test_4708,70.33
ID_test_4709,49.42
ID_test_471,62.02
ID_test_4710,73.73
ID_test_4711,60.96
ID_test_4712,81.81
ID_test_4713,69.71
ID_test_4714,64.79
ID_test_4715,112.74
ID_test_4716,54.5
ID_test_4717,51.13
ID_test_4718,63.05
ID_test_4719,128.73
ID_test_472,43.27
ID_test_4720,51.13
ID_test_4721,95.52
ID_test_4722,55.8
ID_test_4723,125.74
ID_test_4724,72.5
ID_test_4725,66.58
ID_test_4726,47.14
ID_test_4727,141.32
ID_test_4728,51.13
ID_test_4729,66.77
ID_test_473,51.13
ID_test_4730,102.16
ID_test_4731,65.31
ID_test_4732,55.61
ID_test_4733,88.94
ID_test_4734,66.45
ID_test_4735,51.16
ID_test_4736,77.21
ID_test_4737,94.74
ID_test_4738,138.8
ID_test_4739,43.5
ID_test_474,71.72
ID_test_4740,38.67
ID_test_4741,66.57
ID_test_4742,104.07
ID_test_4743,59.13
ID_test_4744,69.87
ID_test_4745,56.94
ID_test_4746,93.85
ID_test_4747,96.42
ID_test_4748,137.83
ID_test_4749,75
ID_test_475,101.34
ID_test_4750,62.82
ID_test_4751,61.88
ID_test_4752,109.25
ID_test_4753,51.13
ID_test_4754,53.91
ID_test_4755,63.86
ID_test_4756,64.97
ID_test_4757,113.74
ID_test_4758,104.66
ID_test_4759,61.1
ID_test_476,51.13
ID_test_4760,60.84
ID_test_4761,63.17
ID_test_4762,63.17
ID_test_4763,61.02
ID_test_4764,88.85
ID_test_4765,57.72
ID_test_4766,50.4
ID_test_4767,43.24
ID_test_4768,119.63
ID_test_4769,90.1
ID_test_477,96.13
ID_test_4770,51.13
ID_test_4771,70.34
ID_test_4772,59.13
ID_test_4773,53.05
ID_test_4774,58.9
ID_test_4775,62.31
ID_test_4776,104.48
ID_test_4777,97.13
ID_test_4778,46.26
ID_test_4779,58.78
ID_test_478,52.53
ID_test_4780,71.86
ID_test_4781,68.22
ID_test_4782,113.18
ID_test_4783,59.96
ID_test_4784,101.39
ID_test_4785,92.03
ID_test_4786,45.12
ID_test_4787,48.57
ID_test_4788,95.1
ID_test_4789,60.79
ID_test_479,52.09
ID_test_4790,58.45
ID_test_4791,99.79
ID_test_4792,57.19
ID_test_4793,72.87
ID_test_4794,49.72
ID_test_4795,76.83
ID_test_4796,50.43
ID_test_4797,56.53
ID_test_4798,51.13
ID_test_4799,63.08
ID_test_48,116.24
ID_test_480,58.45
ID_test_4800,45.12
ID_test_4801,97.58
ID_test_4802,54.23
ID_test_4803,78.08
ID_test_4804,119.69
ID_test_4805,55.41
ID_test_4806,48.04
ID_test_4807,82.01
ID_test_4808,101.34
ID_test_4809,51.13
ID_test_481,59.34
ID_test_4810,63.17
ID_test_4811,77.47
ID_test_4812,120.12
ID_test_4813,58.45
ID_test_4814,116.95
ID_test_4815,86.95
ID_test_4816,51.13
ID_test_4817,107.91
ID_test_4818,72.45
ID_test_4819,61.2
ID_test_482,58.18
ID_test_4820,140.8
ID_test_4821,66.7
ID_test_4822,59.64
ID_test_4823,74.05
ID_test_4824,75.21
ID_test_4825,62.28
ID_test_4826,72.25
ID_test_4827,98.74
ID_test_4828,38.98
ID_test_4829,45.12
ID_test_483,72.5
ID_test_4830,58.94
ID_test_4831,51.41
ID_test_4832,56.22
ID_test_4833,63.17
ID_test_4834,74.73
ID_test_4835,63.72
ID_test_4836,59.13
ID_test_4837,63.17
ID_test_4838,63.99
ID_test_4839,54.22
ID_test_484,95.65
ID_test_4840,45.92
ID_test_4841,75.48
ID_test_4842,96.7
ID_test_4843,89.81
ID_test_4844,51.13
ID_test_4845,48.89
ID_test_4846,71.13
ID_test_4847,127.44
ID_test_4848,65.69
ID_test_4849,96.81
ID_test_485,55.19
ID_test_4850,54.51
ID_test_4851,55.16
ID_test_4852,92.32
ID_test_4853,58.15
ID_test_4854,63.08
ID_test_4855,59.03
ID_test_4856,110.97
ID_test_4857,45.12
ID_test_4858,63.17
ID_test_4859,73.48
ID_test_486,86.2
ID_test_4860,73.02
ID_test_4861,45.12
ID_test_4862,73.88
ID_test_4863,97.12
ID_test_4864,107.39
ID_test_4865,63.83
ID_test_4866,71.4
ID_test_4867,75.21
ID_test_4868,101.34
ID_test_4869,51.13
ID_test_487,40.19
ID_test_4870,51.13
ID_test_4871,75.2
ID_test_4872,38.58
ID_test_4873,73.94
ID_test_4874,75.55
ID_test_4875,101.33
ID_test_4876,61.98
ID_test_4877,61.43
ID_test_4878,58.45
ID_test_4879,98.75
ID_test_488,56.58
ID_test_4880,111.71
ID_test_4881,61.34
ID_test_4882,87.11
ID_test_4883,90.41
ID_test_4884,69.79
ID_test_4885,65.02
ID_test_4886,58.45
ID_test_4887,51.13
ID_test_4888,60.21
ID_test_4889,63.12
ID_test_489,51.13
ID_test_4890,51.13
ID_test_4891,123.56
ID_test_4892,51.13
ID_test_4893,102.71
ID_test_4894,57.46
ID_test_4895,42.21
ID_test_4896,54.31
ID_test_4897,45.12
ID_test_4898,59.02
ID_test_4899,82.57
ID_test_49,74.04
ID_test_490,62.04
ID_test_4900,63.85
ID_test_4901,45.12
ID_test_4902,65.6
ID_test_4903,54.01
ID_test_4904,85.04
ID_test_4905,100.88
ID_test_4906,51.13
ID_test_4907,51.99
ID_test_4908,51.13
ID_test_4909,58.34
ID_test_491,60.54
ID_test_4910,52.21
ID_test_4911,58.3
ID_test_4912,59.05
ID_test_4913,62.02
ID_test_4914,61.98
ID_test_4915,125.45
ID_test_4916,94.11
ID_test_4917,102.19
ID_test_4918,76.73
ID_test_4919,61.85
ID_test_492,80.23
ID_test_4920,137.09
ID_test_4921,60.21
ID_test_4922,51.13
ID_test_4923,49.95
ID_test_4924,64.97
ID_test_4925,56.34
ID_test_4926,52.96
ID_test_4927,98.86
ID_test_4928,104.02
ID_test_4929,70.21
ID_test_493,115.18
ID_test_4930,72.65
ID_test_4931,84.78
ID_test_4932,51.13
ID_test_4933,52.23
ID_test_4934,103.5
ID_test_4935,49.87
ID_test_4936,111.41
ID_test_4937,98.95
ID_test_4938,112.41
ID_test_4939,79.2
ID_test_494,45.04
ID_test_4940,74.4
ID_test_4941,52.8
ID_test_4942,42.18
ID_test_4943,45.12
ID_test_4944,54.15
ID_test_4945,45.12
ID_test_4946,63.17
ID_test_4947,51.13
ID_test_4948,72.18
ID_test_4949,119.7
ID_test_495,73.88
ID_test_4950,96.72
ID_test_4951,62.77
ID_test_4952,51.13
ID_test_4953,55.91
ID_test_4954,57.77
ID_test_4955,63.12
ID_test_4956,54.09
ID_test_4957,117.23
ID_test_4958,75.2
ID_test_4959,82.19
ID_test_496,47.3
ID_test_4960,72.37
ID_test_4961,68.77
ID_test_4962,58.49
ID_test_4963,108.29
ID_test_4964,76.91
ID_test_4965,51.13
ID_test_4966,51.13
ID_test_4967,67.56
ID_test_4968,68.71
ID_test_4969,87.99
ID_test_497,68.48
ID_test_4970,64.23
ID_test_4971,46.27
ID_test_4972,70.52
ID_test_4973,69.11
ID_test_4974,69.1
ID_test_4975,57.3
ID_test_4976,89.25
ID_test_4977,125.48
ID_test_4978,66.75
ID_test_4979,57.46
ID_test_498,135.32
ID_test_4980,51.13
ID_test_4981,96.9
ID_test_4982,51.58
ID_test_4983,50.86
ID_test_4984,62.08
ID_test_4985,90.68
ID_test_4986,65.31
ID_test_4987,96.34
ID_test_4988,51.13
ID_test_4989,75.66
ID_test_499,43.64
ID_test_4990,69.78
ID_test_4991,105.42
ID_test_4992,126.44
ID_test_4993,103.71
ID_test_4994,68.22
ID_test_4995,54.13
ID_test_4996,60.06
ID_test_4997,88.02
ID_test_4998,50.38
ID_test_4999,76.89
ID_test_5,55.54
ID_test_50,126.51
ID_test_500,54.44
ID_test_5000,52.26
ID_test_5001,101.69
ID_test_5002,60.04
ID_test_5003,137.89
ID_test_5004,54.59
ID_test_5005,60.31
ID_test_5006,61.57
ID_test_5007,95.23
ID_test_5008,63.17
ID_test_5009,42.02
ID_test_501,58.45
ID_test_5010,45.12
ID_test_5011,69.46
ID_test_5012,100.33
ID_test_5013,72.2
ID_test_5014,102.7
ID_test_5015,69.82
ID_test_5016,65.01
ID_test_5017,69.93
ID_test_5018,99.13
ID_test_5019,61.98
ID_test_502,59.99
ID_test_5020,96.59
ID_test_5021,63.17
ID_test_5022,97.15
ID_test_5023,100.52
ID_test_5024,56.85
ID_test_5025,75.92
ID_test_5026,74.39
ID_test_5027,80.13
ID_test_5028,73.4
ID_test_5029,42.13
ID_test_503,59.44
ID_test_5030,101.57
ID_test_5031,53.67
ID_test_5032,76.43
ID_test_5033,85.58
ID_test_5034,92.12
ID_test_504,87.67
ID_test_505,45.12
ID_test_506,65.15
ID_test_507,45.12
ID_test_508,84.63
ID_test_509,103.53
ID_test_51,55.17
ID_test_510,81.84
ID_test_511,42.75
ID_test_512,120.74
ID_test_513,105.69
ID_test_514,68.89
ID_test_515,117.62
ID_test_516,104.26
ID_test_517,120.78
ID_test_518,63.17
ID_test_519,127.8
ID_test_52,53.14
ID_test_520,64.41
ID_test_521,112.72
ID_test_522,60.12
ID_test_523,52.79
ID_test_524,60.61
ID_test_525,51.13
ID_test_526,51.13
ID_test_527,66.49
ID_test_528,93.35
ID_test_529,51.42
ID_test_53,51.13
ID_test_530,61.21
ID_test_531,45.12
ID_test_532,74.58
ID_test_533,62.96
ID_test_534,63.17
ID_test_535,56.63
ID_test_536,63.99
ID_test_537,85.74
ID_test_538,47.51
ID_test_539,105.23
ID_test_54,68.38
ID_test_540,51.13
ID_test_541,89.41
ID_test_542,58.45
ID_test_543,72.42
ID_test_544,64.2
ID_test_545,46.63
ID_test_546,69.5
ID_test_547,96.46
ID_test_548,66.77
ID_test_549,57.11
ID_test_55,69.38
ID_test_550,103.44
ID_test_551,91
ID_test_552,101.76
ID_test_553,62.28
ID_test_554,59.47
ID_test_555,49.46
ID_test_556,52.64
ID_test_557,101.34
ID_test_558,101.34
ID_test_559,65.73
ID_test_56,77.2
ID_test_560,38.45
ID_test_561,81.79
ID_test_562,69.62
ID_test_563,51.33
ID_test_564,65.36
ID_test_565,69.32
ID_test_566,58.45
ID_test_567,50.67
ID_test_568,51.63
ID_test_569,52.54
ID_test_57,124.73
ID_test_570,57.48
ID_test_571,63.99
ID_test_572,52.96
ID_test_573,70.97
ID_test_574,76.27
ID_test_575,43.64
ID_test_576,51.13
ID_test_577,51.13
ID_test_578,53.2
ID_test_579,107.91
ID_test_58,112.15
ID_test_580,41.22
ID_test_581,81.37
ID_test_582,67.35
ID_test_583,71.2
ID_test_584,122.19
ID_test_585,60.77
ID_test_586,90.6
ID_test_587,51.13
ID_test_588,51.13
ID_test_589,50.65
ID_test_59,56.18
ID_test_590,61.28
ID_test_591,66.38
ID_test_592,60.23
ID_test_593,63.45
ID_test_594,63.17
ID_test_595,61.71
ID_test_596,51.13
ID_test_597,51.13
ID_test_598,73.02
ID_test_599,51.13
ID_test_6,64.05
ID_test_60,120.99
ID_test_600,70.36
ID_test_601,64.28
ID_test_602,51.13
ID_test_603,126.43
ID_test_604,58.2
ID_test_605,72.42
ID_test_606,59.61
ID_test_607,111.17
ID_test_608,58.45
ID_test_609,49.11
ID_test_61,50.81
ID_test_610,71.56
ID_test_611,57.58
ID_test_612,53.39
ID_test_613,73.83
ID_test_614,51.13
ID_test_615,92.23
ID_test_616,65.85
ID_test_617,76.26
ID_test_618,69.67
ID_test_619,99.71
ID_test_62,45.12
ID_test_620,45.12
ID_test_621,62.84
ID_test_622,117.47
ID_test_623,45.12
ID_test_624,77.9
ID_test_625,63.86
ID_test_626,56.73
ID_test_627,65.41
ID_test_628,74.92
ID_test_629,51.13
ID_test_63,95.43
ID_test_630,64.37
ID_test_631,60.63
ID_test_632,80.15
ID_test_633,59.42
ID_test_634,59.39
ID_test_635,86.96
ID_test_636,53.42
ID_test_637,77.08
ID_test_638,69.16
ID_test_639,45.12
ID_test_64,64.58
ID_test_640,58.2
ID_test_641,73.41
ID_test_642,65.17
ID_test_643,92.31
ID_test_644,62.77
ID_test_645,113.45
ID_test_646,71.97
ID_test_647,54.23
ID_test_648,69.95
ID_test_649,93.45
ID_test_65,85.44
ID_test_650,66.37
ID_test_651,80.15
ID_test_652,121.5
ID_test_653,53.39
ID_test_654,68.44
ID_test_655,55.76
ID_test_656,68.22
ID_test_657,51.13
ID_test_658,97.07
ID_test_659,65.39
ID_test_66,56.3
ID_test_660,92.89
ID_test_661,93.18
ID_test_662,45.12
ID_test_663,51.13
ID_test_664,65.85
ID_test_665,63.17
ID_test_666,66.46
ID_test_667,63.17
ID_test_668,46.24
ID_test_669,128.62
ID_test_67,56.18
ID_test_670,97.43
ID_test_671,104.48
ID_test_672,66
ID_test_673,97.76
ID_test_674,65.65
ID_test_675,74.95
ID_test_676,60.87
ID_test_677,59.13
ID_test_678,50.18
ID_test_679,51.13
ID_test_68,92.33
ID_test_680,67.69
ID_test_681,63.17
ID_test_682,65.64
ID_test_683,77.04
ID_test_684,51.13
ID_test_685,70.73
ID_test_686,49.61
ID_test_687,51.13
ID_test_688,66.89
ID_test_689,93.34
ID_test_69,60.43
ID_test_690,69.11
ID_test_691,65.36
ID_test_692,63.17
ID_test_693,74.19
ID_test_694,48.46
ID_test_695,59.13
ID_test_696,58.25
ID_test_697,42.11
ID_test_698,120.1
ID_test_699,85.19
ID_test_7,58.12
ID_test_70,76.78
ID_test_700,49.38
ID_test_701,86.27
ID_test_702,55.78
ID_test_703,94.39
ID_test_704,47.42
ID_test_705,71.58
ID_test_706,69.03
ID_test_707,92.48
ID_test_708,51.13
ID_test_709,51.13
ID_test_71,128.59
ID_test_710,104.79
ID_test_711,55.16
ID_test_712,52.86
ID_test_713,61.31
ID_test_714,53.33
ID_test_715,77.08
ID_test_716,60.13
ID_test_717,48.36
ID_test_718,71.35
ID_test_719,51.13
ID_test_72,51.13
ID_test_720,67.79
ID_test_721,57.55
ID_test_722,69.01
ID_test_723,77.08
ID_test_724,65.37
ID_test_725,98.57
ID_test_726,51.13
ID_test_727,68.22
ID_test_728,49.79
ID_test_729,48.08
ID_test_73,72.31
ID_test_730,94.11
ID_test_731,97.92
ID_test_732,45.03
ID_test_733,55.55
ID_test_734,48.22
ID_test_735,49.1
ID_test_736,67.3
ID_test_737,123.43
ID_test_738,51.65
ID_test_739,103.2
ID_test_74,101.32
ID_test_740,78.08
ID_test_741,39.92
ID_test_742,92.23
ID_test_743,49.1
ID_test_744,58.45
ID_test_745,76.39
ID_test_746,57.91
ID_test_747,63.2
ID_test_748,101.34
ID_test_749,51.97
ID_test_75,68.97
ID_test_750,45.12
ID_test_751,46.1
ID_test_752,126.58
ID_test_753,79.81
ID_test_754,82.55
ID_test_755,54.1
ID_test_756,67.91
ID_test_757,77.11
ID_test_758,88.56
ID_test_759,65.15
ID_test_76,57.52
ID_test_760,67.4
ID_test_761,63.13
ID_test_762,90.49
ID_test_763,78.39
ID_test_764,94.05
ID_test_765,70.83
ID_test_766,74.78
ID_test_767,47.99
ID_test_768,47.48
ID_test_769,87.16
ID_test_77,104.48
ID_test_770,73.08
ID_test_771,75.32
ID_test_772,88.07
ID_test_773,60.84
ID_test_774,125.45
ID_test_775,58.79
ID_test_776,117.4
ID_test_777,83.98
ID_test_778,60.52
ID_test_779,63.65
ID_test_78,45.12
ID_test_780,81.31
ID_test_781,59.13
ID_test_782,71.82
ID_test_783,66.6
ID_test_784,65.53
ID_test_785,45.12
ID_test_786,63.17
ID_test_787,70.27
ID_test_788,49.58
ID_test_789,72.08
ID_test_79,63.17
ID_test_790,51.13
ID_test_791,70.9
ID_test_792,59.19
ID_test_793,53.21
ID_test_794,57.35
ID_test_795,59.36
ID_test_796,90.83
ID_test_797,59.19
ID_test_798,55.25
ID_test_799,116.63
ID_test_8,62.59
ID_test_80,72.18
ID_test_800,65.31
ID_test_801,60.95
ID_test_802,72.3
ID_test_803,44.92
ID_test_804,63.17
ID_test_805,47.97
ID_test_806,51.13
ID_test_807,51.13
ID_test_808,75.8
ID_test_809,43.64
ID_test_81,51.13
ID_test_810,115.94
ID_test_811,56.14
ID_test_812,85.91
ID_test_813,87.16
ID_test_814,63.17
ID_test_815,61.95
ID_test_816,67.24
ID_test_817,48.43
ID_test_818,122.6
ID_test_819,68.64
ID_test_82,63.17
ID_test_820,51.13
ID_test_821,71.97
ID_test_822,118.02
ID_test_823,43.13
ID_test_824,126.71
ID_test_825,93.42
ID_test_826,124.55
ID_test_827,60.21
ID_test_828,74.19
ID_test_829,51.13
ID_test_83,63.1
ID_test_830,68.05
ID_test_831,55.58
ID_test_832,67.07
ID_test_833,46.3
ID_test_834,78.9
ID_test_835,68.37
ID_test_836,76.26
ID_test_837,87.09
ID_test_838,54.27
ID_test_839,47.47
ID_test_84,77.95
ID_test_840,54.44
ID_test_841,54.33
ID_test_842,51.13
ID_test_843,107.44
ID_test_844,96.82
ID_test_845,67.91
ID_test_846,69.21
ID_test_847,97.15
ID_test_848,94.82
ID_test_849,74.19
ID_test_85,67.68
ID_test_850,56.19
ID_test_851,55.88
ID_test_852,53.07
ID_test_853,102.73
ID_test_854,101.34
ID_test_855,53.39
ID_test_856,65.32
ID_test_857,67.7
ID_test_858,93.74
ID_test_859,45.12
ID_test_86,51.13
ID_test_860,62.06
ID_test_861,49.82
ID_test_862,62.58
ID_test_863,43.03
ID_test_864,102.08
ID_test_865,74.14
ID_test_866,91.37
ID_test_867,55.88
ID_test_868,59.23
ID_test_869,116.68
ID_test_87,150.39
ID_test_870,63.99
ID_test_871,49.2
ID_test_872,87.11
ID_test_873,95.62
ID_test_874,43.68
ID_test_875,51.13
ID_test_876,96.14
ID_test_877,74.69
ID_test_878,61.09
ID_test_879,51.13
ID_test_88,57.18
ID_test_880,50.73
ID_test_881,65.02
ID_test_882,123.93
ID_test_883,63.99
ID_test_884,38.66
ID_test_885,51.13
ID_test_886,128.86
ID_test_887,91.87
ID_test_888,79.88
ID_test_889,87.16
ID_test_89,121.48
ID_test_890,101.34
ID_test_891,67.3
ID_test_892,60.55
ID_test_893,54.52
ID_test_894,75.43
ID_test_895,100.5
ID_test_896,61.87
ID_test_897,50.73
ID_test_898,96.28
ID_test_899,51.13
ID_test_9,51.13
ID_test_90,119.81
ID_test_900,93.47
ID_test_901,65.54
ID_test_902,92.31
ID_test_903,51.13
ID_test_904,96.74
ID_test_905,82.55
ID_test_906,101.36
ID_test_907,66.07
ID_test_908,60.59
ID_test_909,48.11
ID_test_91,51.13
ID_test_910,45.12
ID_test_911,58.45
ID_test_912,61.3
ID_test_913,81.22
ID_test_914,51.13
ID_test_915,54.61
ID_test_916,116.45
ID_test_917,65.34
ID_test_918,62.08
ID_test_919,100.72
ID_test_92,66.8
ID_test_920,103.19
ID_test_921,132.13
ID_test_922,69.37
ID_test_923,45.12
ID_test_924,60.33
ID_test_925,64.15
ID_test_926,82.55
ID_test_927,108.8
ID_test_928,63.17
ID_test_929,104.32
ID_test_93,61.18
ID_test_930,51.13
ID_test_931,87.91
ID_test_932,73.05
ID_test_933,69.32
ID_test_934,65.33
ID_test_935,46.81
ID_test_936,51.13
ID_test_937,110.82
ID_test_938,52.94
ID_test_939,104
ID_test_94,72.08
ID_test_940,64.96
ID_test_941,87.18
ID_test_942,49.89
ID_test_943,54.37
ID_test_944,64.61
ID_test_945,57.97
ID_test_946,68.23
ID_test_947,102.78
ID_test_948,98
ID_test_949,56.51
ID_test_95,80.49
ID_test_950,79.84
ID_test_951,61.61
ID_test_952,51.13
ID_test_953,55.94
ID_test_954,66.49
ID_test_955,53.29
ID_test_956,73.04
ID_test_957,57.36
ID_test_958,53.34
ID_test_959,141.01
ID_test_96,61.98
ID_test_960,51.13
ID_test_961,62.8
ID_test_962,120.22
ID_test_963,94.4
ID_test_964,53.56
ID_test_965,51.13
ID_test_966,45.61
ID_test_967,106.62
ID_test_968,94.2
ID_test_969,53.56
ID_test_97,63.36
ID_test_970,96.45
ID_test_971,51.13
ID_test_972,76.26
ID_test_973,64.98
ID_test_974,110.91
ID_test_975,135.55
ID_test_976,51.13
ID_test_977,101.34
ID_test_978,69.74
ID_test_979,51.13
ID_test_98,51.13
ID_test_980,59.13
ID_test_981,46.65
ID_test_982,108.71
ID_test_983,58.33
ID_test_984,96.17
ID_test_985,85.58
ID_test_986,53.95
ID_test_987,48.36
ID_test_988,57.75
ID_test_989,62.92
ID_test_99,99.71
ID_test_990,60.77
ID_test_991,58.45
ID_test_992,86.95
ID_test_993,116.85
ID_test_994,45.12
ID_test_995,136.14
ID_test_996,69.67
ID_test_997,53.74
ID_test_998,63.74
ID_test_999,120.33
